52, 0.09090909090909091, 0.08333333333333333, 0.13636363636363638, 0.18181818181818182, -0.03213957759412305, 0.4800000000000001, -0.0018897366737842202, 0.018835348653614404, 0.11360249288714268, -0.03213957759412305, 0.026080476900149033, 0.1084710743801653, 0.0821167883211679, 0.1084710743801653, 0.3333333333333333, 0.019442673918744154, 0.026080476900149033, 0.12741157076130974, 0.01824817518248175, 0.0379352391274895, 0.1084710743801653, 0.11360249288714268, 0.1084710743801653, 0.033139290223032684, 0.1084710743801653, -0.03213957759412305, 0.03930652281471178, 0.02019918642165802, 0.1084710743801653, 0.10227272727272728, 0.05507927287082126, -0.20391337869173334, 0.06000000000000001, 0.25, 0.04081632653061225, -0.36000000000000004, -0.125, 0.14302112029384761, 0.03930652281471178, 0.06818181818181819, -0.016069788797061526, 0.030991735537190084, 0.25, -0.03213957759412305, 0.5416666666666666, 0.017183335671202133, 0.05020802460556254, 0.05020802460556254, 0.019283746556473833, -0.06000000000000001, 0.12741157076130974, 0.02299605781865966, -0.4150000000000001, 0.12755102040816327, 0.13636363636363638, 0.36140805833892525, -0.18181818181818182, 0.1084710743801653, 0.11360249288714268, 0.1084710743801653, 0.1084710743801653, 0.015000000000000003, 0.023160038704590796, 0.12741157076130974, 0.1084710743801653, 0.041666666666666664, -0.09198423127463864, 0.12741157076130974, 0.015306122448979593, 0.033139290223032684, 0.08333333333333333, -0.12317518248175183, -0.20391337869173334, 0.1934306569343066, -0.20833333333333334, 0.21897810218978103, -0.015000000000000003, -0.02737226277372263, 0.05474452554744526, -0.36000000000000004, 0.25, 0.12741157076130974, -0.02410468319559229, -0.059748001625795966, 0.026080476900149033, -0.24000000000000005, 0.1084710743801653, -0.125, 0.005000000000000003, 0.1934306569343066, -0.2539290069096329, 0.030991735537190084, -0.12317518248175183, 0.14302112029384761, 0.3521897810218978, 0.033139290223032684, -0.36000000000000004, 0.04744190372118436, 0.017006802721088437, 0.06818181818181819, 0.25, 0.1084710743801653, 0.25, 0.06818181818181819, 0.1084710743801653, 0.25, -0.24000000000000005, 0.30000000000000004, 0.033139290223032684, 0.017247043363994744, 0.0040379929649178685, -0.02393393182774583, 0.04744190372118436, 0.10948905109489052, -0.021897810218978103, 0.038443058273514526, -0.021897810218978103, 0.36363636363636365, -0.025489794848117878, -0.02737226277372263, -0.05656934306569344, 0.10948905109489052, -0.22000000000000006, 0.3333333333333333, 0.016069788797061526, 0.06818181818181819, 0.1084710743801653, -0.06000000000000001, -0.08503401360544217, 0.022956841138659322, 0.27, 0.023788611098340264, 0.013686131386861315, -0.375, 0.02019918642165802, -0.36000000000000004, 0.09090909090909091, 0.10948905109489052, 
53, -0.05749014454664915, 0.013686131386861315, 0.0040644899065167325, 0.27, 0.0040379929649178685, -0.005795491893419816, -0.03213957759412305, 0.015000000000000003, 0.3923357664233577, -0.12992819401165154, 0.012052341597796145, 0.21897810218978103, 0.27, 0.024298577740003647, 0.125, 0.024298577740003647, 0.034090909090909095, 0.0040379929649178685, 0.05222681359044996, 0.0040379929649178685, -0.17045454545454547, 0.13636363636363638, 0.08333333333333333, 0.015000000000000003, 0.0040379929649178685, 0.03930652281471178, -0.022727272727272728, 0.0040379929649178685, 0.005749014454664915, 0.22789115646258506, -0.17045454545454547, 0.005749014454664915, 0.06026170798898072, 0.05020802460556254, 0.05020802460556254, 0.10227272727272728, 0.10227272727272728, 0.005749014454664915, -0.20833333333333334, 0.0040379929649178685, 0.13636363636363638, 0.03517429862137029, -0.375, -0.375, 0.03517429862137029, -0.36000000000000004, 0.007923058706971593, 0.01262449151353626, 0.02737226277372263, 0.0040379929649178685, -0.07492209727679176, 0.05222681359044996, 0.05020802460556254, 0.008278481919938838, -0.625, 0.14, -0.07492209727679176, 0.20454545454545456, -0.09000000000000001, 0.1642335766423358, 0.007665352606219886, 0.20000000000000004, 0.06818181818181819, 0.04288321167883211, 0.0379352391274895, 0.08333333333333333, -0.03213957759412305, -0.019185326611942655, 0.02062568512992925, 0.625, -0.20833333333333334, 0.1084710743801653, 0.2593537414965987, 5.332827975846266E-4, 0.012052341597796145, 
54, -0.05749014454664915, 0.013686131386861315, 0.0040644899065167325, 0.27, 0.0040379929649178685, -0.005795491893419816, -0.03213957759412305, 0.015000000000000003, 0.3923357664233577, -0.12992819401165154, 0.012052341597796145, 0.21897810218978103, 0.27, 0.024298577740003647, 0.125, 0.024298577740003647, 0.034090909090909095, 0.0040379929649178685, 0.05222681359044996, 0.0040379929649178685, -0.17045454545454547, 0.13636363636363638, 0.08333333333333333, 0.015000000000000003, 0.0040379929649178685, 0.03930652281471178, -0.022727272727272728, 0.0040379929649178685, 0.005749014454664915, 0.005749014454664915, 0.22789115646258506, -0.17045454545454547, 0.005749014454664915, 0.06026170798898072, 0.05020802460556254, 0.05020802460556254, 0.10227272727272728, 0.10227272727272728, 0.005749014454664915, -0.20833333333333334, 0.0040379929649178685, 0.13636363636363638, 0.03517429862137029, -0.375, -0.375, 0.03517429862137029, -0.36000000000000004, 0.007923058706971593, 0.01262449151353626, 0.02737226277372263, 0.0040379929649178685, -0.07492209727679176, 0.05222681359044996, 0.05020802460556254, 0.008278481919938838, -0.625, 0.14, -0.07492209727679176, 0.20454545454545456, -0.09000000000000001, 0.1642335766423358, 0.007665352606219886, -0.019185326611942655, 0.02062568512992925, 0.625, -0.20833333333333334, 0.1084710743801653, 0.2593537414965987, 5.332827975846266E-4, 0.012052341597796145, 
55, 0.5, -0.02410468319559229, 0.016069788797061526, 0.08333333333333333, -0.02410468319559229, 0.25, 0.027318640955004594, 0.16666666666666666, 0.3521897810218978, 0.010948905109489052, -0.02410468319559229, 0.3333333333333333, 0.11030762167125804, 0.25, -0.015000000000000003, -0.02410468319559229, 0.0188353486536144, 0.375, 0.3333333333333333, 0.3521897810218978, 0.10227272727272728, 0.010948905109489052, 0.02582644628099174, 0.125, -0.025489794848117878, 0.05020802460556254, -0.4583333333333333, 0.25, 0.16666666666666666, 0.3333333333333333, 0.02062568512992925, 0.05020802460556254, 0.3476277372262774, 4.741904890936183E-4, 0.25, 0.02582644628099174, -0.019147145462196667, 0.019283746556473833, 0.05020802460556254, 0.20454545454545456, -0.625, -0.03213957759412305, 0.4525547445255474, 0.02737226277372263, 0.05020802460556254, 0.5, 0.01751864083229122, 0.34090909090909094, 0.016069788797061526, 0.010948905109489052, -0.36000000000000004, 0.16666666666666666, 0.16666666666666666, 0.25, 0.24908759124087593, 0.25, 0.046532846715328466, 0.2916666666666667, 0.043795620437956206, 0.015000000000000003, 0.016069788797061526, 0.09090909090909091, 0.21897810218978103, -0.10204081632653063, -0.36000000000000004, 0.0821167883211679, 0.3333333333333333, 0.030210646237546646, -0.028849255175544437, 0.03316326530612245, -0.02737226277372263, 0.3333333333333333, -0.015000000000000003, 0.14772727272727273, -0.36000000000000004, -0.08843537414965988, 0.02737226277372263, 0.04545454545454546, 0.3521897810218978, 0.033139290223032684, 0.03829429092439333, 0.02019918642165802, 0.017183335671202133, 0.5, 0.375, 0.625, 0.017183335671202133, 0.044811001219346974, 0.016069788797061526, 0.25, -0.10948905109489052, 0.3521897810218978, 0.4583333333333333, 0.044811001219346974, -0.11736214605067065, 0.0651833170010637, -0.02, 0.030000000000000006, 0.5, 0.03930652281471178, 0.12052341597796144, 0.06818181818181819, 0.25, 0.1084710743801653, 0.25, 0.06818181818181819, 0.1084710743801653, 0.25, -0.24000000000000005, 0.30000000000000004, 0.033139290223032684, 0.017247043363994744, 
56, 1.0, -0.02410468319559229, 0.5416666666666666, 0.04, 0.12091857471887278, 0.3521897810218978, 0.019283746556473833, 0.75, 0.08333333333333333, 0.5416666666666666, 0.07653061224489796, 0.04, 0.04139240959969419, 0.20454545454545456, 0.11309523809523811, 0.05020802460556254, -0.125, 0.16, -0.014892685063512927, -0.017246837333205912, 0.5416666666666666, 0.03826530612244898, 0.12741157076130974, 0.033139290223032684, 0.23, 0.3521897810218978, 0.4800000000000001, 0.08333333333333333, -0.125, 0.3333333333333333, 0.625, 0.4800000000000001, 0.012052341597796145, -0.030000000000000006, 0.10948905109489052, -0.004999999999999997, 
57, 0.06000000000000001, 0.04, 0.375, 0.024635036496350366, 0.050462304834490095, 0.47000000000000003, 0.003661896513642018, -0.02410468319559229, -0.04545454545454546, -0.059749944780925573, -0.06818181818181819, 0.050462304834490095, 0.08333333333333333, -0.1, 0.03930652281471178, -0.4583333333333333, -0.08333333333333333, -0.041666666666666664, -0.011289291503495547, -0.008278481919938838, 0.037819253438113945, 0.02737226277372263, 0.02019918642165802, -0.16666666666666666, 0.08333333333333333, -0.06733062140552673, 0.135, 0.05523215037172115, 0.02019918642165802, -0.012193469719550197, -0.1903737262725329, -0.00592536441760696, 0.031722484198121785, -0.375, 0.12091857471887278, 0.02019918642165802, 0.022727272727272728, 0.06972789115646259, 0.05474452554744526, 0.019283746556473833, -0.059749944780925573, -0.004999999999999997, 0.045454545454545456, 0.25, 0.02019918642165802, -0.03213957759412305, 0.06972789115646259, 0.07231404958677687, 0.03066141042487955, -0.29545454545454547, 0.032007858013819265, -0.625, 0.12787297965619812, 0.038443058273514526, 0.041666666666666664, -0.06000000000000001, -0.027548209366391185, 0.12091857471887278, 0.05020802460556254, 0.008837144059475383, -0.015000000000000003, 0.050462304834490095, -0.1590909090909091, 0.05474452554744526, 0.019163381515549714, -0.02393393182774583, 0.3832116788321168, 0.05474452554744526, -0.010948905109489052, 0.015000000000000003, 0.5, -0.625, 0.5833333333333334, 0.06026170798898072, 0.017006802721088437, 0.15145985401459855, -0.25, 0.06026170798898072, 0.03930652281471178, -0.18560606060606064, 0.019283746556473833, -0.08731939963529246, -0.007146640511765779, -0.625, 0.06000000000000001, 0.031722484198121785, -0.025510204081632657, -0.021338572009212846, 0.05020802460556254, -0.015000000000000003, 0.12741157076130974, 0.02019918642165802, 0.022727272727272728, 0.033139290223032684, -0.12992819401165154, 0.00402808616500622, -0.034090909090909095, -5.095221672271479E-4, -0.021338572009212846, -0.011289291503495547, -5.095221672271479E-4, -0.08333333333333333, 0.08394160583941605, 0.022092860148688456, -0.625, 0.05020802460556254, 0.03930652281471178, -0.75, 0.6100000000000001, 0.625, 0.75, 0.012091857471887279, 0.00402808616500622, -0.1193189788189087, -0.085, -0.11363636363636365, 5.332827975846266E-4, -0.019185326611942655, 0.05474452554744526, 0.03930652281471178, 0.025510204081632657, 0.23722627737226276, -0.25, 0.06378376656750957, -0.022727272727272728, 0.13475052603434046, -0.30000000000000004, 0.375, 0.3333333333333333, 0.019163381515549714, 0.3832116788321168, -0.019185326611942655, 0.032851511169513806, 0.06378376656750957, 0.10329447911112895, -0.014225714672808563, 0.06972789115646259, -0.027548209366391185, 0.02582644628099174, -0.006713476941677032, 0.10218978102189781, 0.01751864083229122, -0.028849255175544437, 0.3704379562043796, -0.0019555757613166844, 0.013184744057530081, -0.24817518248175183, -0.028772044035758712, 0.1084710743801653, 0.10948905109489052, 0.125, -0.025510204081632657, 0.16666666666666666, 0.013184744057530081, 0.6337632198238539, 0.05000000000000001, 0.05474452554744526, 0.06000000000000001, -0.06818181818181819, -0.0364963503649635, 0.12091857471887278, 0.07231404958677687, -0.24817518248175183, 0.051020408163265314, -0.17045454545454547, 0.06026170798898072, -0.018410716790573715, -0.06843065693430657, 0.00402808616500622, 0.027100461029517537, -0.18181818181818182, -0.24817518248175183, 0.5416666666666666, 0.038443058273514526, 0.041666666666666664, 0.25, 0.013184744057530081, 0.013184744057530081, 0.06026170798898072, -0.018410716790573715, -0.135, 0.038443058273514526, 0.02019918642165802, -0.021897810218978103, 0.25, 0.1084710743801653, 0.25, 0.06818181818181819, 0.25, 0.02019918642165802, -0.015000000000000003, 0.03930652281471178, 0.03930652281471178, 0.06818181818181819, 0.14, 0.041666666666666664, 0.125, 0.13686131386861314, -0.20391337869173334, 0.06000000000000001, 0.14, 0.13636363636363638, 0.09000000000000001, -0.125, 0.1084710743801653, -0.29545454545454547, 0.06026170798898072, 0.013686131386861315, -0.041666666666666664, 0.009859806390897985, 0.038443058273514526, -0.034090909090909095, 0.06026170798898072, -0.018410716790573715, 0.02299605781865966, 0.0202716434087522, -0.24817518248175183, 0.04418572029737691, 0.045454545454545456, 0.02737226277372263, 5.332827975846266E-4, -0.018410716790573715, 0.06026170798898072, 0.051020408163265314, 0.1084710743801653, 0.3977272727272727, 0.012755102040816329, 0.12000000000000002, 0.14, 0.02019918642165802, -0.625, -0.10674931129476586, 0.02019918642165802, 0.3333333333333333, -0.375, -0.625, 0.04418572029737691, 0.25500000000000006, 0.051020408163265314, 0.1084710743801653, 0.05020802460556254, 0.017247043363994744, 0.03930652281471178, 0.03930652281471178, -0.25, -0.015000000000000003, 0.01824817518248175, -0.11826402742769769, 0.25000000000000006, -0.625, 0.125, 0.012052341597796145, 0.023788611098340264, -0.125, 0.25000000000000006, -0.03826530612244898, 0.027548209366391185, -0.375, 0.29132231404958686, -0.06818181818181819, 0.1767676767676768, 0.25000000000000006, 0.05020802460556254, 0.10227272727272728, 0.05334643002303211, -0.022727272727272728, -0.12970615243342518, 0.12091857471887278, 0.10227272727272728, -0.15909090909090912, 0.030000000000000006, 0.09000000000000001, 0.03066141042487955, 0.02066115702479339, 0.03930652281471178, 0.27272727272727276, 0.022727272727272728, -0.019185326611942655, -0.625, 0.05020802460556254, 0.3333333333333333, 0.03517429862137029, -0.09198423127463864, 0.04931972789115647, 0.19500000000000003, 0.625, 0.09090909090909093, -0.25, 0.045454545454545456, -0.03213957759412305, 0.0379352391274895, -0.625, -0.03213957759412305, -0.016069788797061526, -0.015510948905109484, 0.08759124087591241, -0.125, -0.125, -0.625, -0.018410716790573715, -0.1193189788189087, 0.02, 0.17006802721088438, -0.0364963503649635, 0.04, 0.017247043363994744, -0.3863636363636364, -0.059748001625795966, 0.10948905109489052, 0.022092860148688456, 0.25, 0.375, -0.015000000000000003, -0.125, -0.059748001625795966, -0.015000000000000003, -0.09198423127463864, 0.030000000000000006, 0.06026170798898072, 0.019442673918744154, 0.030000000000000006, 0.02410468319559229, 0.00460621703520552, 0.08928571428571429, 0.03930652281471178, 0.00460621703520552, 0.13636363636363638, -0.07653061224489796, -0.01824817518248175, -0.028772044035758712, 0.1084710743801653, 0.022956841138659322, 0.12741157076130974, -0.028772044035758712, 0.1084710743801653, 0.03930652281471178, 0.02410468319559229, 0.0379352391274895, 0.03930652281471178, -0.16666666666666666, -0.020408163265306124, 0.023788611098340264, -0.005000000000000003, 0.06026170798898072, 0.06026170798898072, -0.018410716790573715, -0.019185326611942655, 0.20000000000000004, -0.0364963503649635, -0.046532846715328466, 0.01314060446780552, 0.06378376656750957, -0.08333333333333333, 0.37995313215916504, -0.125, 0.023788611098340264, 0.12741157076130974, -0.017246837333205912, 0.013184744057530081, 0.3333333333333333, -0.23863636363636365, -0.028772044035758712, 0.03930652281471178, 0.05020802460556254, 0.03066141042487955, 0.021897810218978103, -0.017246837333205912, 0.013184744057530081, 0.06026170798898072, 0.17045454545454547, 0.01149802890932983, -0.06000000000000001, -0.1193189788189087, 0.07231404958677687, -0.002490424711966755, 0.3977272727272727, 0.125, 0.022956841138659322, 0.02062568512992925, 0.017183335671202133, 0.18000000000000002, 0.125, 0.2916666666666667, 0.02019918642165802, 0.04545454545454546, -0.10948905109489052, 0.041666666666666664, -0.011289291503495547, 0.10948905109489052, 0.009641873278236917, 0.15145985401459855, -0.1193189788189087, 0.10948905109489052, 0.015000000000000003, 0.00850340136054422, 0.036453219245335955, 0.05474452554744526, 0.004139240959969419, 0.0821167883211679, -0.36000000000000004, -0.07492209727679176, 0.07231404958677687, -0.625, 0.3476277372262774, -0.375, 0.05474452554744526, 0.0364963503649635, -0.36000000000000004, 0.033139290223032684, 0.125, -0.005000000000000003, -0.004999999999999997, -0.03213957759412305, 0.0040379929649178685, -0.007146640511765779, -0.5416666666666666, 0.5, -0.004999999999999997, 0.010204081632653062, 0.5833333333333334, 0.00402808616500622, -0.019185326611942655, 0.033139290223032684, -0.125, -0.05474452554744526, -0.20833333333333334, -0.030000000000000006, 0.072992700729927, 0.4166666666666667, -0.04081632653061225, 0.125, 0.06818181818181819, 0.6337632198238539, 0.050462304834490095, 0.012052341597796145, 0.033139290223032684, -0.375, 0.010204081632653062, 0.045000000000000005, 0.75, -0.02737226277372263, -0.030000000000000006, -0.625, 0.11309523809523811, -0.05474452554744526, 0.12000000000000002, 0.07500000000000001, -0.625, 0.00460621703520552, 0.13636363636363638, 0.017183335671202133, 0.09090909090909091, -0.625, 0.5833333333333334, -0.07492209727679176, 0.019283746556473833, -0.039421813403416564, -0.1193189788189087, -0.015000000000000003, -0.004999999999999997, 0.08333333333333333, 0.05474452554744526, 0.125, -0.06818181818181819, 0.06378376656750957, 0.03028044980354966, 0.02062568512992925, 0.031578958229822505, -0.625, 0.5833333333333334, -0.36000000000000004, 0.11309523809523811, 0.072992700729927, 0.06378376656750957, 0.072992700729927, 0.25, 0.06818181818181819, 0.019283746556473833, -0.10948905109489052, -0.08333333333333333, -0.135, 0.1569343065693431, 0.031578958229822505, -0.625, -0.019185326611942655, 0.10218978102189781, 0.03930652281471178, 0.6337632198238539, 0.05020802460556254, 0.072992700729927, 0.033139290223032684, 0.011290847583729556, -0.030000000000000006, -0.04081632653061225, -0.025510204081632657, 0.030000000000000006, 0.25, -0.025489794848117878, 0.01751864083229122, 0.18000000000000002, 0.3658172635445363, 0.033139290223032684, -0.019185326611942655, 0.05020802460556254, -0.08333333333333333, -0.005000000000000003, -0.3977272727272727, -0.06000000000000001, 0.125, -0.135, 0.15145985401459855, -0.030000000000000006, 0.25, 0.02410468319559229, -0.125, 0.06818181818181819, -0.5, -0.019185326611942655, -0.039421813403416564, 0.05507927287082126, 0.10227272727272728, 0.06026170798898072, -0.24000000000000005, -0.08333333333333333, 0.031722484198121785, -0.016017940947297717, 0.625, 0.009859806390897985, -0.08333333333333333, -0.041666666666666664, -0.25, 0.25000000000000006, -0.375, -0.00402808616500622, 0.02737226277372263, 0.041666666666666664, -0.125, -0.025510204081632657, 0.03930652281471178, 0.02062568512992925, -0.125, 0.031578958229822505, -0.022727272727272728, 0.25, -0.022727272727272728, -0.019185326611942655, 0.006898734933282365, -0.059748001625795966, 0.12741157076130974, -0.24000000000000005, 0.23722627737226276, 0.050462304834490095, 0.12741157076130974, 0.02019918642165802, 0.02019918642165802, -0.0019555757613166844, 0.03028044980354966, 0.25, -0.030000000000000006, -0.06818181818181819, -0.05061983471074381, 0.03930652281471178, 0.041666666666666664, -0.02, 0.47000000000000003, 0.05474452554744526, 0.03930652281471178, -0.030612244897959186, 0.75, 0.10218978102189781, -0.025510204081632657, 0.18000000000000002, 0.02062568512992925, 0.01824817518248175, 0.03930652281471178, 0.125, 0.012052341597796145, -0.2731337217179245, -0.08503401360544217, -0.002490424711966755, 0.08029197080291972, -0.32954545454545453, -0.2916666666666667, 0.05020802460556254, 0.19500000000000003, 0.03930652281471178, 0.05523215037172115, -0.13636363636363638, -0.010948905109489052, -0.125, 0.27135550738382336, 0.022956841138659322, 0.25, 0.18000000000000002, 0.3658172635445363, 0.033139290223032684, -0.625, 0.23722627737226276, 0.00402808616500622, 0.09000000000000001, 0.030000000000000006, -0.1903737262725329, -0.5, -0.03213957759412305, -0.10948905109489052, 0.032851511169513806, 0.004909524477486324, 0.050462304834490095, 0.23722627737226276, -0.09198423127463864, 0.20511851757129074, 0.23722627737226276, 0.022956841138659322, 0.25, 0.10218978102189781, 0.05523215037172115, -0.375, 0.14483097208584655, 0.05020802460556254, -0.29545454545454547, -0.041666666666666664, 0.02062568512992925, 0.03930652281471178, 0.08333333333333333, 0.375, 0.041666666666666664, 0.125, -0.025510204081632657, 0.16666666666666666, -0.03213957759412305, 0.07231404958677687, 0.012556899102409601, -0.25, 0.015306122448979593, 0.06972789115646259, -0.4583333333333333, 0.0467687074829932, 0.07231404958677687, -0.03826530612244898, 0.18000000000000002, -0.030000000000000006, 0.06378376656750957, -0.5656934306569343, -0.25, -0.08333333333333333, -0.06818181818181819, 0.027318640955004594, 0.06972789115646259, -0.08034894398530763, -0.05749014454664915, 0.06000000000000001, 0.20833333333333334, 0.05020802460556254, 0.015306122448979593, 0.07231404958677687, -0.051020408163265314, -0.125, -0.016017940947297717, -0.20391337869173334, -0.020408163265306124, 0.0036847918374406695, -0.03213957759412305, 0.06000000000000001, 0.125, 0.050462304834490095, -0.02410468319559229, 0.10227272727272728, 0.01149802890932983, 0.06818181818181819, 0.0394256795601867, -0.12755102040816327, -0.028772044035758712, 0.019283746556473833, 0.5833333333333334, 0.01965326140735589, -0.02410468319559229, 0.03930652281471178, 0.015306122448979593, 0.10500000000000001, -0.1425515500070136, 0.01965326140735589, 0.06000000000000001, 0.275, -0.006114787781773005, -0.20620437956204382, -0.027595269382391593, -0.024630840547034218, 0.05020802460556254, 0.2593537414965987, 0.027100461029517537, -0.02410468319559229, 0.125, -0.7083333333333334, 0.01262449151353626, 0.02019918642165802, 0.022727272727272728, -0.25, 0.375, 0.032312925170068035, 0.015306122448979593, -0.625, -0.08418367346938777, -0.36000000000000004, -0.06000000000000001, -0.02, -0.02, -0.4583333333333333, -0.06000000000000001, 0.00402808616500622, -0.03213957759412305, 0.00402808616500622, 0.031722484198121785, 0.011325353164403638, 0.15000000000000002, 0.0036847918374406695, -0.3068181818181818, 0.0036847918374406695, -0.028772044035758712, 0.020696452036793697, 0.013686131386861315, -0.05474452554744526, -0.056244260789715346, -0.056244260789715346, -0.056244260789715346, 0.21000000000000002, 0.0051740511999617735, -0.25, 0.056847043337400475, 0.03930652281471178, -0.03213957759412305, 0.03930652281471178, 0.06000000000000001, -0.019185326611942655, -0.08333333333333333, 0.08333333333333333, 0.18000000000000002, 0.032851511169513806, -0.06818181818181819, 0.375, 0.00402808616500622, 0.008542901838558783, -0.25, 0.03930652281471178, 0.18000000000000002, -0.04275124280863844, 0.20833333333333334, -0.056244260789715346, 0.21000000000000002, 0.003661896513642018, -0.06042129247509329, -0.14772727272727273, -0.625, -0.02, 0.0842236198137664, 0.03930652281471178, 0.0051740511999617735, -0.14772727272727273, -0.21950284713096807, 0.037819253438113945, 0.05020802460556254, 0.032851511169513806, 0.00402808616500622, -0.21950284713096807, 0.05020802460556254, 0.0364963503649635, 0.032851511169513806, 0.032851511169513806, 0.003661896513642018, 0.032851511169513806, 0.013686131386861315, 0.00402808616500622, -0.125, 0.1590909090909091, 0.2187363118703461, -0.022108843537414973, 0.051020408163265314, 0.39000000000000007, -0.16000000000000003, -0.026849488006733067, 0.007923058706971593, 0.017247043363994744, 0.041666666666666664, -0.019185326611942655, -0.625, 0.01751864083229122, -0.0821167883211679, 0.017247043363994744, 0.0364963503649635, -0.08394258527473328, 0.04599211563731932, 0.21000000000000002, 0.012052341597796145, -0.36000000000000004, -0.08394258527473328, 0.0364963503649635, -0.015000000000000003, 0.050462304834490095, -0.028849255175544437, -0.4583333333333333, 0.125, 0.04139240959969419, -0.02, -0.011289291503495547, 0.2593537414965987, 
58, 0.17045454545454547, 0.072992700729927, -0.019185326611942655, 0.030991735537190084, -0.030000000000000006, -0.059748001625795966, 0.06401571602763853, 0.17045454545454547, 0.017183335671202133, 0.03930652281471178, 0.20454545454545456, 0.12091857471887278, 0.17045454545454547, 0.625, 0.03930652281471178, 0.20454545454545456, 0.03930652281471178, 0.03028044980354966, 0.0651833170010637, 0.03930652281471178, 0.017183335671202133, 0.030000000000000006, 0.03028044980354966, 0.017247043363994744, 0.027318640955004594, -0.019185326611942655, 0.031722484198121785, 0.20000000000000004, 0.17045454545454547, 0.14483097208584655, -0.16666666666666666, 0.13255716089213074, 0.02737226277372263, -0.36000000000000004, -0.010204081632653062, 0.02737226277372263, 0.0036847918374406695, 0.12052341597796144, 0.017247043363994744, 0.0036847918374406695, 0.12052341597796144, 0.017247043363994744, 0.17045454545454547, -0.625, 0.14, 0.17045454545454547, 0.2916666666666667, 0.03794349540078844, 0.25500000000000006, 0.12052341597796144, 0.2916666666666667, 0.12091857471887278, 0.0036847918374406695, 0.12052341597796144, 0.017247043363994744, 
59, -0.18181818181818185, 0.0394256795601867, 
60, 0.0364963503649635, -0.028772044035758712, 0.10948905109489052, 0.25, 0.019283746556473833, 0.03930652281471178, 0.0364963503649635, 0.03066141042487955, 0.06000000000000001, 0.375, -0.019185326611942655, -0.028772044035758712, 0.033139290223032684, 0.08333333333333333, 0.49908759124087587, -0.09198423127463864, 0.08333333333333333, 0.125, -0.625, -0.022727272727272728, -0.625, 0.375, 0.019163381515549714, -0.09198423127463864, -0.08333333333333333, -0.4583333333333333, 0.03930652281471178, 0.14, 0.027100461029517537, -0.028772044035758712, 0.10948905109489052, 0.033139290223032684, 0.25, 0.0364963503649635, 0.03930652281471178, -0.13636363636363638, 0.11309523809523811, 0.25, 0.08333333333333333, 0.0842236198137664, 0.49908759124087587, -0.08333333333333333, -0.02410468319559229, 0.021897810218978103, 0.0036847918374406695, 0.25, -0.025489794848117878, 0.11309523809523811, -0.625, -0.001973628839949503, 0.021897810218978103, 0.00460621703520552, 0.03028044980354966, 0.031722484198121785, -0.026511432178426147, 0.03028044980354966, 0.25, 0.06378376656750957, -0.24000000000000005, 0.125, 0.34090909090909094, 0.03930652281471178, -0.08333333333333333, 0.011363636363636362, -0.019185326611942655, 0.05020802460556254, -0.625, -0.36000000000000004, 0.12741157076130974, 0.08759124087591241, 0.03930652281471178, 0.5, 0.030000000000000006, -0.015000000000000003, 0.03930652281471178, -0.08333333333333333, 0.34090909090909094, 0.01965326140735589, 
61, 0.05020802460556254, -0.00402808616500622, -0.028772044035758712, -0.00592536441760696, 0.05020802460556254, 0.34090909090909094, 0.008034894398530763, 
62, 0.05020802460556254, -0.18181818181818182, 0.08333333333333333, 0.03517429862137029, 0.1084710743801653, -0.02410468319559229, 0.05020802460556254, 0.01965326140735589, -0.125, 0.03517429862137029, 0.1916058394160584, 0.34090909090909094, -0.005795491893419816, -0.1, 0.17299376223081536, -0.24000000000000005, 0.1916058394160584, 0.006898734933282365, 0.00955535718850664, -0.08503401360544217, 0.05020802460556254, 0.015000000000000003, 0.1084710743801653, 0.1084710743801653, 0.34090909090909094, 0.11030762167125804, -0.030000000000000006, 0.01314060446780552, 0.05020802460556254, 0.13452708907254363, 0.1084710743801653, 0.34090909090909094, 0.13255716089213074, -0.020408163265306124, -0.025489794848117878, 0.12091857471887278, 0.01965326140735589, -0.0364963503649635, -0.022727272727272728, 0.033139290223032684, -0.020408163265306124, 0.027100461029517537, -0.05474452554744526, -0.08333333333333333, -0.18181818181818185, 0.02019918642165802, -0.625, 0.1084710743801653, 0.005523215037172114, -0.055000000000000014, -0.02410468319559229, 0.34090909090909094, 0.027100461029517537, 0.34090909090909094, 0.375, 0.1084710743801653, 0.08394160583941605, 0.01965326140735589, 0.08333333333333333, 0.0892857142857143, 0.0364963503649635, -0.18181818181818185, 0.02019918642165802, 0.25, 0.02410468319559229, 0.01149802890932983, -0.02, 0.02410468319559229, 0.01149802890932983, 0.02410468319559229, 0.01149802890932983, 0.02410468319559229, 0.01149802890932983, 0.02410468319559229, 0.01149802890932983, 0.1084710743801653, -0.125, 0.02410468319559229, 0.01149802890932983, -0.017246837333205912, -0.020408163265306124, 0.050462304834490095, -0.015000000000000003, 
63, -0.019185326611942655, -0.625, 0.21000000000000002, 0.05474452554744526, 0.03930652281471178, 0.20833333333333334, -0.031161089283294946, 0.041666666666666664, 
64, 0.05334643002303211, 
65, 0.16666666666666666, 0.06818181818181819, 0.27272727272727276, 5.332827975846266E-4, 0.03930652281471178, 0.04744190372118436, -0.022727272727272728, 0.004251700680272111, -0.11363636363636365, 0.25500000000000006, 0.07231404958677687, 0.036453219245335955, 0.044811001219346974, 0.07231404958677687, 0.0892857142857143, 0.04744190372118436, 0.27272727272727276, 0.27272727272727276, 0.27272727272727276, 0.03930652281471178, 0.072992700729927, 0.05020802460556254, 0.34090909090909094, 0.13255716089213074, 0.625, 
66, 0.021897810218978103, 
67, 0.05020802460556254, 0.030000000000000006, 0.1084710743801653, 0.0386625052602048, 0.10948905109489052, -0.028772044035758712, 0.06818181818181819, 0.03930652281471178, 0.4489051094890511, -0.625, 0.03930652281471178, -0.125, 0.02410468319559229, 0.04418572029737691, 0.1642335766423358, 0.045454545454545456, -0.27272727272727276, -0.016069788797061526, 0.36363636363636365, -0.17384976855098894, -0.125, -0.17045454545454547, -0.02410468319559229, 0.02410468319559229, -0.02410468319559229, 0.02410468319559229, 0.04267714401842569, 0.08394160583941605, 0.1084710743801653, 0.06026170798898072, -0.03213957759412305, -0.2731337217179245, -0.13636363636363638, -0.019185326611942655, -0.625, 0.05020802460556254, 0.015000000000000003, 0.17299376223081536, 0.030991735537190084, 0.02737226277372263, 0.030991735537190084, 0.05020802460556254, 0.34090909090909094, -0.019185326611942655, -0.625, -0.08333333333333333, 0.13255716089213074, 0.021897810218978103, 
68, 0.12741157076130974, 0.06378376656750957, 0.05020802460556254, 0.12091857471887278, -0.25, -0.022727272727272728, 0.06000000000000001, 0.04, 0.375, -0.021897810218978103, 0.02019918642165802, 0.022727272727272728, 0.12741157076130974, -0.0509641873278237, -0.058914293729835886, -0.02393393182774583, -0.625, 0.03930652281471178, 0.041666666666666664, -0.125, 0.033139290223032684, -0.015000000000000003, 0.37995313215916504, 0.05474452554744526, -0.020408163265306124, -0.019185326611942655, -0.25, 0.017006802721088437, 0.033139290223032684, 0.1084710743801653, 0.020072992700729934, 0.10227272727272728, -0.11727989487516424, 0.06000000000000001, -0.028772044035758712, -0.02, -0.08333333333333333, -0.1, 0.027100461029517537, -0.022727272727272728, -0.017246837333205912, 0.022727272727272728, 0.12741157076130974, 0.1084710743801653, 0.14483097208584655, 0.0651833170010637, -0.06401571602763853, -5.095221672271479E-4, 0.05020802460556254, 0.6337632198238539, -0.022727272727272728, 0.2272727272727273, 0.02019918642165802, 0.022727272727272728, -0.18000000000000002, 0.06000000000000001, 0.19559228650137742, 0.05474452554744526, 0.01751864083229122, 0.050462304834490095, 0.06378376656750957, -0.031161089283294946, -0.020408163265306124, 0.1167883211678832, 0.06026170798898072, 0.125, 0.1167883211678832, 0.08333333333333333, 0.07500000000000001, 0.05020802460556254, 0.29545454545454547, -0.10227272727272728, 0.06818181818181819, -0.1, -0.375, -0.18560606060606064, 0.06026170798898072, -0.5833333333333334, 0.024999999999999994, 0.006898734933282365, -0.00592536441760696, 0.05020802460556254, -0.28284671532846717, 0.5, 0.12408759124087591, -0.016069788797061526, 0.012052341597796145, 0.20000000000000004, 0.051020408163265314, 0.015000000000000003, 0.009641873278236917, 0.01751864083229122, 0.12091857471887278, -0.056244260789715346, 0.36140805833892525, 0.6337632198238539, -0.034090909090909095, 0.019283746556473833, -0.3333333333333333, 0.1084710743801653, 0.12647831800262813, -0.625, 0.02299605781865966, 0.06026170798898072, -0.018410716790573715, -0.11826402742769769, -0.018410716790573715, -0.02737226277372263, 0.015000000000000003, 0.03066141042487955, -0.09090909090909093, 0.14483097208584655, -0.625, -0.625, 0.14500000000000002, 0.003649635036496353, 0.02299605781865966, -0.034090909090909095, -0.29545454545454547, 0.029457146864917943, 0.041666666666666664, 0.045454545454545456, -0.018410716790573715, 0.06026170798898072, 0.02019918642165802, -0.625, 0.06818181818181819, -0.013686131386861315, 0.05474452554744526, 0.0394256795601867, 0.06026170798898072, 0.06026170798898072, -0.06802721088435375, 0.08394160583941605, 0.009859806390897985, -0.06569343065693431, -0.25, 0.25, -0.375, 0.06026170798898072, 0.10492700729927007, 0.20000000000000004, 0.07231404958677687, -0.018410716790573715, 0.013686131386861315, 0.25, -0.625, 0.06818181818181819, -0.08333333333333333, 0.15145985401459855, 0.12091857471887278, -0.059748001625795966, 0.01824817518248175, 0.056847043337400475, 0.25547445255474455, 0.05020802460556254, -0.625, 0.12091857471887278, -0.03213957759412305, 0.004139240959969419, 0.13636363636363638, -0.03213957759412305, 0.015000000000000003, -0.020408163265306124, 0.029457146864917943, -0.019185326611942655, 0.05020802460556254, 0.12091857471887278, 0.021897810218978103, 0.2187363118703461, 0.06818181818181819, 0.25, 0.041666666666666664, 0.02019918642165802, -0.005000000000000003, 0.02410468319559229, 0.09500000000000001, 0.06818181818181819, 0.02019918642165802, -0.06000000000000001, 0.02737226277372263, 0.12000000000000002, 0.25, 0.02019918642165802, 0.037819253438113945, 0.006802721088435373, -0.021840726513634078, 0.06818181818181819, 0.02019918642165802, 0.05000000000000001, 0.06026170798898072, -0.019185326611942655, 0.12741157076130974, 0.06818181818181819, 0.02019918642165802, 0.2916666666666667, 0.06818181818181819, -0.29545454545454547, 0.05020802460556254, -0.5340909090909091, 0.06818181818181819, 0.10218978102189781, 0.125, 0.16666666666666666, 0.041666666666666664, -0.36000000000000004, -0.125, 0.041666666666666664, -0.015000000000000003, -0.10204081632653063, 0.25, 0.25, 0.045454545454545456, 0.03826530612244898, 0.019283746556473833, 0.017183335671202133, 0.019283746556473833, 0.25, -0.09198423127463864, -0.75, -0.09198423127463864, 0.3333333333333333, 0.17045454545454547, 0.12741157076130974, 0.125, 0.03066141042487955, 0.02410468319559229, 0.05020802460556254, -0.5, 0.14623369336512834, -0.08333333333333333, 0.02019918642165802, -0.08278481919938838, 0.03066141042487955, 0.02737226277372263, 0.017183335671202133, 0.006802721088435373, 0.022956841138659322, 0.06818181818181819, -0.045000000000000005, 0.03066141042487955, 0.06000000000000001, 0.03066141042487955, 0.03066141042487955, -0.5, 0.12000000000000002, -0.5416666666666666, 0.21897810218978103, 0.011363636363636366, 0.625, 0.050462304834490095, 0.0892857142857143, -0.625, 0.06026170798898072, 0.06818181818181819, 0.019283746556473833, 0.10477864318906716, 0.25, 0.04545454545454546, 0.06026170798898072, -0.015000000000000003, 0.019283746556473833, 0.05000000000000001, 0.16666666666666666, 0.0202716434087522, 0.06026170798898072, 0.10477864318906716, -0.135, 0.3333333333333333, 0.09090909090909091, 0.25, 0.05020802460556254, 0.4583333333333333, 0.050462304834490095, 0.08333333333333333, -0.019185326611942655, -0.625, 0.050462304834490095, 0.06026170798898072, 0.06972789115646259, -0.034090909090909095, 0.1084710743801653, -0.625, 0.13636363636363638, -0.005749014454664915, 0.14623369336512834, -0.021897810218978103, 0.1084710743801653, 0.14483097208584655, 0.03066141042487955, 0.0202716434087522, 0.3333333333333333, 0.1084710743801653, 0.1084710743801653, 0.012052341597796145, 0.25, 0.06026170798898072, -0.018410716790573715, 0.02410468319559229, -0.18181818181818185, 0.25, 0.012052341597796145, 0.15710478327956237, 0.009859806390897985, 0.06818181818181819, 0.02019918642165802, 0.022956841138659322, 0.3333333333333333, 0.06818181818181819, 0.16666666666666666, 0.03066141042487955, 0.42045454545454547, 0.02019918642165802, -0.06000000000000001, 0.21897810218978103, 0.06026170798898072, 0.08333333333333333, 0.16, -0.18560606060606064, 0.033139290223032684, 0.02737226277372263, 0.22789115646258506, 0.3333333333333333, -0.29545454545454547, 0.02410468319559229, 0.14623369336512834, -0.021897810218978103, 0.03066141042487955, 0.02019918642165802, -0.06000000000000001, 0.16, -0.041666666666666664, 0.0892857142857143, 0.19439322866551106, 0.02019918642165802, -0.06000000000000001, 0.02019918642165802, -0.06000000000000001, 0.02019918642165802, 0.031722484198121785, 0.25000000000000006, 0.25, -0.002490424711966755, 0.09500000000000001, -0.015000000000000003, 0.06026170798898072, 0.47000000000000003, -0.12992819401165154, 0.21000000000000002, 0.15909090909090912, 0.06026170798898072, -0.125, 0.15145985401459855, -0.11736214605067065, 0.25091240875912413, -0.018410716790573715, 0.05474452554744526, 0.10948905109489052, 0.013184744057530081, 0.17006802721088438, -0.1193189788189087, 0.015306122448979593, 0.03930652281471178, -0.5350000000000001, 0.05474452554744526, -0.21500000000000005, 0.0036847918374406695, 0.20454545454545456, 0.34090909090909094, -0.030000000000000006, -0.014225714672808563, 0.20454545454545456, 0.135, -0.18181818181818185, 0.04599211563731932, 0.20000000000000004, 0.05020802460556254, 0.012052341597796145, 0.6100000000000001, -0.3863636363636364, 0.1084710743801653, 0.1315426997245179, 0.08333333333333333, 0.017247043363994744, 0.05474452554744526, -0.30187074829931976, -0.12043795620437958, -0.019185326611942655, 0.012052341597796145, 0.00402808616500622, 0.019163381515549714, 0.06000000000000001, -0.36000000000000004, 0.24908759124087593, -0.1931818181818182, -0.10948905109489052, -0.018410716790573715, 0.36363636363636365, -0.06843065693430657, 0.006898734933282365, -0.03213957759412305, 0.05474452554744526, 0.07500000000000001, 0.024999999999999994, 0.006898734933282365, 0.02019918642165802, 0.20000000000000004, -0.02393393182774583, -0.041666666666666664, 0.027100461029517537, -0.022727272727272728, 0.0379352391274895, 0.03930652281471178, -0.002690764093373486, 0.01965326140735589, 0.05474452554744526, 0.05474452554744526, 0.4166666666666667, 0.05474452554744526, -0.027548209366391185, -0.02393393182774583, -0.03438458169075778, -0.0019555757613166844, 0.041666666666666664, -0.4166666666666667, -0.021338572009212846, 0.019283746556473833, 0.6337632198238539, 0.046532846715328466, 0.625, -0.375, 0.06000000000000001, -0.1193189788189087, -0.1193189788189087, -0.24817518248175183, 0.06026170798898072, -0.018410716790573715, -0.24817518248175183, 0.12091857471887278, 0.013184744057530081, 0.18000000000000002, -0.36811294765840225, -0.24817518248175183, -5.095221672271479E-4, -0.08731939963529246, 0.06026170798898072, -0.625, -0.018410716790573715, 0.12317518248175183, 0.013184744057530081, 0.17045454545454547, 0.07500000000000001, -0.20454545454545456, 0.06026170798898072, 0.125, 0.02062568512992925, 0.08029197080291972, 0.041666666666666664, 0.3333333333333333, 0.0386625052602048, -0.36000000000000004, -0.5340909090909091, -0.625, 0.030000000000000006, -0.1425515500070136, 0.05020802460556254, 0.030000000000000006, 0.06026170798898072, -0.09198423127463864, 0.4583333333333333, 0.03930652281471178, 0.4583333333333333, -0.05334643002303211, 0.017183335671202133, 0.625, -0.625, -0.20454545454545456, 0.030000000000000006, 0.06026170798898072, 0.03930652281471178, 0.024145572266488273, 0.0386625052602048, 0.16666666666666666, 0.1642335766423358, 0.017183335671202133, -0.06733062140552673, 0.011363636363636362, -0.625, 0.013184744057530081, 0.024145572266488273, 0.13452708907254363, 0.030000000000000006, 0.19500000000000003, -0.125, -0.625, 0.015000000000000003, 0.22789115646258506, -0.3977272727272727, -0.08333333333333333, 0.05020802460556254, 0.03930652281471178, 0.038443058273514526, -0.019185326611942655, 0.06378376656750957, 0.06972789115646259, -0.1, -0.04820936639118458, -0.3863636363636364, -0.07492209727679176, 0.25500000000000006, 0.02299605781865966, -0.125, -0.01824817518248175, 0.015306122448979593, 0.4166666666666667, -0.0018897366737842202, 0.010348102399923547, 0.010721683905190708, 0.01751864083229122, 0.01751864083229122, 0.04017447199265382, 0.01824817518248175, 0.125, -0.2916666666666667, 0.12000000000000002, 0.125, 0.031722484198121785, 0.0379352391274895, 0.08333333333333333, -0.375, 0.030000000000000006, -0.08333333333333333, -0.02, -0.3138588862393043, -0.019185326611942655, 0.04017447199265382, 0.5833333333333334, 0.25091240875912413, 0.05020802460556254, -0.36000000000000004, 0.1315426997245179, 0.12741157076130974, 0.47000000000000003, 0.06972789115646259, 0.03571428571428572, 0.03571428571428572, 0.08333333333333333, -0.125, 0.12741157076130974, -0.030000000000000006, 0.025510204081632657, -0.22000000000000006, -0.022727272727272728, -0.010204081632653062, -0.02410468319559229, -0.022727272727272728, 0.06000000000000001, -0.06569343065693431, -0.022727272727272728, 0.02062568512992925, 0.00460621703520552, 0.1084710743801653, -0.025489794848117878, 0.02019918642165802, -0.06000000000000001, -0.25, -0.1193189788189087, 0.4150000000000001, 0.016069788797061526, 0.7727272727272728, 0.7083333333333334, -0.030000000000000006, -0.004999999999999997, 0.017070857607370274, -0.004999999999999997, 0.029457146864917943, 0.032851511169513806, -0.01379746986656473, 0.16666666666666666, -0.13253675286868483, 0.02, 0.12091857471887278, -0.09778911564625851, -0.004999999999999997, 0.056847043337400475, 0.006898734933282365, 0.009198313244376486, 0.3333333333333333, 0.041666666666666664, -0.5416666666666666, 0.019283746556473833, -0.019185326611942655, 0.004251700680272111, -0.625, 0.045454545454545456, 0.3333333333333333, 0.056847043337400475, -0.375, 0.012052341597796145, 0.03930652281471178, 0.02062568512992925, 0.36140805833892525, 0.009198313244376486, 0.056847043337400475, 0.12000000000000002, -5.095221672271479E-4, 0.03517429862137029, 0.05020802460556254, 0.2593537414965987, 0.041666666666666664, 0.6950000000000002, 0.08333333333333333, 0.15145985401459855, 
69, 0.5416666666666666, -0.12970615243342518, 0.04418572029737691, -0.016069788797061526, 0.03930652281471178, 0.14, 0.03930652281471178, -0.03213957759412305, 0.04418572029737691, 0.1084710743801653, 0.006713476941677032, 0.4489051094890511, 0.04418572029737691, -0.625, -0.021897810218978103, 0.20454545454545456, 0.3333333333333333, 0.06818181818181819, -0.625, 0.03930652281471178, -0.022727272727272728, 0.04418572029737691, 0.04418572029737691, 0.041666666666666664, 0.051020408163265314, -0.1, 0.02, 0.051020408163265314, -0.02893552957264732, 0.017247043363994744, 0.03930652281471178, 0.14623369336512834, -0.125, -0.08278481919938838, -0.008278481919938838, 0.041666666666666664, 0.0394256795601867, 0.01965326140735589, 0.10227272727272728, -0.022727272727272728, -0.18181818181818182, 0.018835348653614404, 0.375, 0.4166666666666667, 0.05474452554744526, 0.375, -0.5775547445255476, 0.10500000000000001, 0.019442673918744154, -0.015000000000000003, -0.36000000000000004, 0.375, -0.012193469719550197, 0.125, 0.051020408163265314, -0.625, 0.375, 0.03028044980354966, -0.135, 0.03930652281471178, -0.018410716790573715, -0.36000000000000004, 0.03930652281471178, -0.022727272727272728, -0.10948905109489052, 0.13636363636363638, 0.10227272727272728, -0.625, 0.05474452554744526, 0.2187363118703461, 0.010721683905190708, 0.20000000000000004, -0.125, 0.3333333333333333, 0.03930652281471178, 0.023160038704590796, 0.01314060446780552, 0.02737226277372263, 0.03930652281471178, -0.022727272727272728, 0.1084710743801653, -0.011289291503495547, 
70, -0.20454545454545456, 0.1084710743801653, -0.25, 0.1084710743801653, -0.1903737262725329, -0.00592536441760696, -0.20454545454545456, -0.25, -0.1903737262725329, 0.1084710743801653, -0.25, 0.1084710743801653, -0.1903737262725329, -0.00592536441760696, -0.625, -0.135, 0.36363636363636365, -0.17384976855098894, -0.06802721088435375, -0.25, -0.1903737262725329, -0.00592536441760696, -0.36000000000000004, -0.625, -0.022727272727272728, 0.10948905109489052, -0.625, -0.022727272727272728, -0.001497781491175891, -0.06733062140552673, -0.041666666666666664, -0.18181818181818185, 0.05020802460556254, 0.030000000000000006, 0.1084710743801653, 0.0386625052602048, 0.10948905109489052, -0.028772044035758712, 0.06818181818181819, 0.03930652281471178, 0.4489051094890511, -0.625, 0.03930652281471178, -0.125, 0.02410468319559229, 0.04418572029737691, 0.1642335766423358, 0.045454545454545456, -0.27272727272727276, -0.016069788797061526, 0.36363636363636365, -0.17384976855098894, -0.125, -0.17045454545454547, -0.02410468319559229, 0.02410468319559229, -0.02410468319559229, 0.02410468319559229, 0.04267714401842569, 0.08394160583941605, 0.1084710743801653, 0.06026170798898072, -0.03213957759412305, -0.2731337217179245, -0.13636363636363638, -0.019185326611942655, -0.625, 0.05020802460556254, 0.015000000000000003, 0.17299376223081536, 0.030991735537190084, 0.02737226277372263, 0.030991735537190084, 0.05020802460556254, 0.34090909090909094, -0.019185326611942655, -0.625, -0.08333333333333333, 0.13255716089213074, 0.021897810218978103, 
71, 0.02410468319559229, -0.005795491893419816, 0.02019918642165802, 0.02019918642165802, 0.010204081632653062, -0.030000000000000006, 0.06818181818181819, -0.10948905109489052, -0.007146640511765779, 0.02019918642165802, 0.08029197080291972, 0.49908759124087587, 0.03066141042487955, 0.05020802460556254, -0.019147145462196667, 0.02, 0.135, -0.007665352606219886, -0.004999999999999997, 0.02, 0.05000000000000001, 0.03930652281471178, 0.875, 0.018835348653614404, -0.03213957759412305, -0.625, -0.03213957759412305, 0.06818181818181819, 0.49908759124087587, 0.08000000000000002, 0.135, -0.007665352606219886, 0.03930652281471178, -0.06000000000000001, 0.135, 0.135, 0.045454545454545456, -0.05656934306569344, -0.25, -0.36000000000000004, -0.001497781491175891, -0.007665352606219886, -0.16666666666666666, 0.25, -0.0642791551882461, 0.08333333333333333, -0.019147145462196667, 0.0337465564738292, 0.03028044980354966, 0.15145985401459855, -0.1903737262725329, 0.12091857471887278, 0.06818181818181819, -0.022727272727272728, 0.06818181818181819, 0.02019918642165802, 0.14772727272727273, 0.022727272727272728, 0.08333333333333333, -0.06000000000000001, 0.06818181818181819, -0.025510204081632657, 0.03930652281471178, 0.125, 0.23722627737226276, 0.02019918642165802, 0.022727272727272728, 0.033139290223032684, 0.044811001219346974, 0.02019918642165802, 0.02019918642165802, 0.3333333333333333, 0.08034894398530763, -0.10948905109489052, -0.08333333333333333, -0.5706406664316871, 0.028122130394857673, 0.11360249288714268, 0.08029197080291972, 0.04931972789115647, 0.045000000000000005, -0.125, 0.05020802460556254, -0.019147145462196667, 0.02, -0.007665352606219886, -0.2916666666666667, 0.06818181818181819, 0.022727272727272728, -0.19500000000000003, -0.011046430074344228, 0.03066141042487955, 0.08333333333333333, 0.06818181818181819, 0.36363636363636365, 0.004251700680272111, 0.06818181818181819, 0.05020802460556254, 0.022727272727272728, 0.4583333333333333, 0.016069788797061526, -0.030000000000000006, 0.125, 0.1569343065693431, -0.007665352606219886, -0.36000000000000004, 0.3658172635445363, 0.125, 0.06818181818181819, 0.05020802460556254, -0.125, -0.011046430074344228, -0.007665352606219886, -0.030000000000000006, 0.01314060446780552, -0.007665352606219886, 0.13636363636363638, 0.12755102040816327, -0.35682834304294814, 0.02, 0.022727272727272728, 0.05020802460556254, -0.08503401360544217, 0.08029197080291972, 0.04931972789115647, 0.14772727272727273, -0.625, -0.011046430074344228, -0.007665352606219886, -0.135, 0.10227272727272728, -0.36000000000000004, 0.05020802460556254, 0.14772727272727273, -0.007665352606219886, -0.007665352606219886, 0.03930652281471178, 0.045000000000000005, -0.019147145462196667, -0.007665352606219886, 0.03930652281471178, 0.06818181818181819, -0.25, -1.4161007967157611E-18, 0.04931972789115647, 0.01751864083229122, -0.016069788797061526, 0.21000000000000002, 0.03930652281471178, 0.5, 0.016069788797061526, 0.010204081632653062, 0.010204081632653062, 0.010204081632653062, 0.02737226277372263, -0.03213957759412305, 0.06802721088435375, 0.14, 0.05334643002303211, -0.36000000000000004, 0.027318640955004594, 0.0202716434087522, 0.041666666666666664, 0.02737226277372263, -0.36000000000000004, -0.3551423324150597, 0.34090909090909094, 0.13255716089213074, 
72, 0.041666666666666664, 0.005523215037172114, 0.056818181818181816, 0.1084710743801653, 0.015000000000000003, 0.009859806390897985, 0.045454545454545456, 0.05020802460556254, 0.17299376223081536, -0.05474452554744526, -0.18181818181818185, 0.1084710743801653, 0.056818181818181816, 0.1084710743801653, 0.34090909090909094, 0.019163381515549714, 0.041666666666666664, -0.06818181818181819, -0.055000000000000014, -0.011289291503495547, 0.015306122448979593, 0.0892857142857143, 
73, 
74, 0.05020802460556254, 0.06818181818181819, 0.05020802460556254, 0.027100461029517537, -0.020408163265306124, 0.050462304834490095, 0.3521897810218978, 0.25, 0.034090909090909095, 0.010348102399923547, 0.25, -0.00592536441760696, 0.27272727272727276, 0.375, 0.37500000000000006, 0.3521897810218978, 0.125, -0.1, 0.3521897810218978, 0.12000000000000002, 0.07231404958677687, 0.034090909090909095, 0.010348102399923547, 0.4166666666666667, -0.24000000000000005, -0.06000000000000001, 0.010348102399923547, -0.01824817518248175, 0.041666666666666664, 0.08333333333333333, 0.043795620437956206, -0.06818181818181819, 0.05507927287082126, 0.125, 0.02019918642165802, 0.3521897810218978, 0.25, -0.125, -0.041666666666666664, 0.02019918642165802, -0.06000000000000001, -0.125, 0.02019918642165802, -0.06000000000000001, 0.20454545454545456, 0.06000000000000001, 0.19318181818181818, 0.3521897810218978, 0.02, 0.016069788797061526, -0.02410468319559229, 0.25, 0.05474452554744526, 0.13636363636363638, -0.125, -0.02410468319559229, 0.3521897810218978, 0.25, 0.04599211563731932, 0.25, -0.041666666666666664, 0.03066141042487955, -0.1, -0.18181818181818182, 0.1642335766423358, 0.015330705212439772, -0.06818181818181819, 0.1084710743801653, 0.04545454545454546, 0.041666666666666664, -0.06818181818181819, 0.25, -0.36000000000000004, 0.13989268506351293, 0.06259643708795064, 0.375, 0.1642335766423358, -0.11826402742769769, 0.12091857471887278, 0.08333333333333333, -0.24000000000000005, -0.041666666666666664, 0.1084710743801653, 0.020087235996326905, 0.08759124087591241, -0.041666666666666664, 0.27272727272727276, 0.03066141042487955, -0.13636363636363638, -0.06000000000000001, -0.007665352606219886, 0.0188353486536144, 0.03066141042487955, -0.06000000000000001, -0.015000000000000003, 0.045454545454545456, -0.041666666666666664, -0.005283836878471755, -0.021897810218978103, 0.27272727272727276, -0.005283836878471755, 0.008503401360544218, -0.021897810218978103, 0.10227272727272728, 0.03066141042487955, 0.27272727272727276, 0.008503401360544218, 0.12741157076130974, 0.14772727272727273, 0.03066141042487955, -0.041666666666666664, 0.06818181818181819, 0.4583333333333333, -0.041666666666666664, 0.12741157076130974, -0.20454545454545456, 0.020087235996326905, -0.041666666666666664, 0.020087235996326905, -0.11019283746556474, 0.08759124087591241, -0.041666666666666664, 0.01379746986656473, 0.027318640955004594, 0.012556899102409601, 0.06000000000000001, 0.04545454545454546, 0.02410468319559229, -0.041666666666666664, 0.05474452554744526, 0.3521897810218978, 0.05020802460556254, 0.05334643002303211, 0.03066141042487955, -0.023472429210134132, 0.0821167883211679, -0.36000000000000004, -0.041666666666666664, -0.041666666666666664, 0.1084710743801653, -0.041666666666666664, 0.25000000000000006, 0.041666666666666664, 0.2187363118703461, 0.36140805833892525, 0.02410468319559229, 0.020087235996326905, -0.07314388294269067, -0.045000000000000005, -0.041666666666666664, -0.12114774299299008, 0.1084710743801653, 0.008503401360544218, 0.125, -0.07314388294269067, 0.29545454545454547, 0.13989268506351293, 0.1642335766423358, 0.0364963503649635, 0.034090909090909095, 0.030000000000000006, 0.25, 0.03443526170798899, -0.00592536441760696, 0.03066141042487955, 0.20000000000000004, 0.023788611098340264, -0.09198423127463864, 0.0202716434087522, 0.007923058706971593, 0.08029197080291972, 0.16666666666666666, -0.041666666666666664, -0.125, 0.05523215037172115, 0.05523215037172115, 0.07299270072992702, 0.25, 0.09500000000000001, 0.05523215037172115, -0.1, 0.033139290223032684, 0.3333333333333333, 0.25, 0.05523215037172115, 0.25, 
75, 0.0364963503649635, 
76, -0.18181818181818185, -0.08278481919938838, 0.03829429092439333, 0.01314060446780552, -0.005000000000000003, 0.02737226277372263, 0.14623369336512834, 0.34090909090909094, 0.02062568512992925, -0.001973628839949503, 0.15145985401459855, 0.25, 0.006096734859775099, 0.014225714672808563, 0.034090909090909095, 0.006096734859775099, 0.034090909090909095, -0.005795491893419816, 0.10227272727272728, 0.034090909090909095, -0.041666666666666664, 0.034090909090909095, 0.005280073461891643, -0.18181818181818185, -0.08278481919938838, 0.03829429092439333, 0.3333333333333333, 0.03829429092439333, 0.02737226277372263, 0.03829429092439333, 0.12741157076130974, -0.20391337869173334, 0.03829429092439333, 0.09000000000000001, 0.041666666666666664, 
77, 0.09000000000000001, 0.03930652281471178, 0.27272727272727276, 
78, -0.1193189788189087, 
79, 0.14, -0.20391337869173334, -0.019185326611942655, -0.015000000000000003, -0.08333333333333333, 0.017183335671202133, -0.18181818181818185, 0.13636363636363638, 0.09000000000000001, 0.03930652281471178, 0.27272727272727276, 
80, 0.029199131233785897, -0.020408163265306124, 0.050462304834490095, -0.18181818181818185, 0.032007858013819265, 0.01965326140735589, 0.11309523809523811, 0.10218978102189781, 0.031722484198121785, 0.42045454545454547, -0.18181818181818185, 0.032007858013819265, 0.01965326140735589, 0.032007858013819265, -0.4166666666666667, 0.01965326140735589, 0.021897810218978103, 0.05334643002303211, 0.050462304834490095, -0.1903737262725329, 0.04017447199265382, 0.022956841138659322, 0.02299605781865966, 0.017183335671202133, 0.05334643002303211, 0.05020802460556254, 0.34090909090909094, 0.34090909090909094, 4.741904890936183E-4, 0.08333333333333333, -0.06569343065693431, -0.11826402742769769, 0.015306122448979593, 0.015306122448979593, 0.01149802890932983, -0.006407176378919088, 0.12091857471887278, 0.12091857471887278, 
81, -0.09447693005196404, 0.04017447199265382, 0.06972789115646259, 0.12741157076130974, 0.25, 0.05020802460556254, 0.03571428571428572, 0.34090909090909094, 0.10500000000000001, -0.1425515500070136, 0.01965326140735589, 
82, -0.045000000000000005, 0.05474452554744526, 0.20000000000000004, 0.005523215037172114, 0.20000000000000004, -0.020408163265306124, 0.050462304834490095, 0.23722627737226276, 0.03930652281471178, 0.25, -0.011289291503495547, 0.25, 0.25, 0.031722484198121785, -0.18181818181818185, 0.375, -0.135, 0.03930652281471178, -0.5340909090909091, -0.020408163265306124, 0.050462304834490095, 0.20000000000000004, 0.0036847918374406695, 0.0036847918374406695, -0.020408163265306124, 0.050462304834490095, 0.041666666666666664, 
83, -0.24000000000000005, 0.03930652281471178, -0.13636363636363638, 0.03930652281471178, 0.02737226277372263, -0.0019555757613166844, 0.019283746556473833, 0.05507927287082126, -0.25, -0.25, -0.13636363636363638, 
84, 0.012052341597796145, -0.04275124280863844, 0.06000000000000001, 0.08759124087591241, 0.019283746556473833, -0.02410468319559229, 0.02066115702479339, 0.027318640955004594, 0.4166666666666667, -0.15306122448979592, 0.03517429862137029, 0.14, 0.023788611098340264, 0.0202716434087522, -0.025489794848117878, 0.125, -0.2731337217179245, 0.34090909090909094, 0.0036847918374406695, -0.06000000000000001, 0.011325353164403638, 0.01965326140735589, 
85, 0.027100461029517537, 0.04017447199265382, 0.19439322866551106, 0.19439322866551106, 
86, 0.013184744057530081, -0.00631224575676813, -0.022727272727272728, 0.34090909090909094, 0.041666666666666664, 
87, 0.34090909090909094, 0.03930652281471178, 0.1084710743801653, 0.027318640955004594, -0.125, 0.1084710743801653, 0.03930652281471178, 0.03930652281471178, 0.03930652281471178, 0.027100461029517537, 0.03930652281471178, -0.625, 0.0029887223244496096, 0.4583333333333333, 0.09500000000000001, -0.625, 0.08759124087591241, 
88, 0.12741157076130974, 0.06818181818181819, 0.030371725043391105, 0.06000000000000001, 0.08333333333333333, 0.19000000000000003, 0.05020802460556254, 0.14, 0.02062568512992925, 0.23722627737226276, 0.015000000000000003, 0.2916666666666667, -0.135, 0.05020802460556254, 0.42045454545454547, 0.030991735537190084, -0.08843537414965986, 0.2916666666666667, 0.045454545454545456, 0.2916666666666667, 0.3684573002754822, 0.2916666666666667, 0.2916666666666667, 0.2916666666666667, 0.2916666666666667, 0.01149802890932983, 0.02737226277372263, -0.625, 0.375, -0.08843537414965986, 0.2916666666666667, 0.032312925170068035, 0.13255716089213074, 0.375, 0.2916666666666667, 0.03930652281471178, 0.375, 0.2916666666666667, 0.12091857471887278, 0.015000000000000003, 0.2916666666666667, 0.050462304834490095, 0.05020802460556254, 
89, 0.01965326140735589, 0.08333333333333333, -0.11826402742769769, 
90, 0.02410468319559229, -0.005795491893419816, -0.059748001625795966, 0.007665352606219886, 0.06818181818181819, -0.059748001625795966, 0.007665352606219886, 0.06818181818181819, -0.059748001625795966, 0.030991735537190084, 0.25, 0.25, -0.2731337217179245, 0.20000000000000004, 0.04545454545454546, -0.06042129247509329, 0.006887052341597796, 0.04744190372118436, -0.02, 0.25, 0.20000000000000004, 0.033139290223032684, 0.1785714285714286, 0.027318640955004594, 0.20000000000000004, -0.2731337217179245, 0.1084710743801653, 0.0202716434087522, 0.0906889310391546, 0.25, 0.06818181818181819, 0.006887052341597796, 0.1084710743801653, 0.1084710743801653, 0.04418572029737691, 0.041666666666666664, 0.06818181818181819, 0.03066141042487955, 0.02737226277372263, -0.015000000000000003, -0.5, 0.08, 0.12091857471887278, 0.20000000000000004, 0.06818181818181819, 0.024817169332535867, 0.02019918642165802, 0.14772727272727273, -0.059748001625795966, 0.02019918642165802, 0.06818181818181819, 0.010204081632653062, 0.010204081632653062, 0.010204081632653062, 0.02737226277372263, -0.03213957759412305, 0.06802721088435375, 0.14, 0.05334643002303211, -0.36000000000000004, 0.027318640955004594, 0.0202716434087522, 0.041666666666666664, 0.02737226277372263, -0.36000000000000004, -0.3551423324150597, 0.34090909090909094, 0.13255716089213074, 
91, -0.024630840547034218, 0.21897810218978103, 0.03930652281471178, -0.04820936639118458, 0.3521897810218978, 0.015000000000000003, -0.11363636363636365, -0.024630840547034218, 0.03930652281471178, -0.06733062140552673, 0.017183335671202133, 0.024298577740003647, 0.045454545454545456, 0.012052341597796145, 0.20000000000000004, 0.017247043363994744, -0.012052341597796145, 0.3923357664233577, 0.25, 0.20000000000000004, 0.15306122448979592, 0.375, -0.04820936639118458, -0.012052341597796145, 
92, -0.17045454545454547, 0.03930652281471178, 0.25, 0.0379352391274895, 
93, 0.03930652281471178, 0.027318640955004594, 0.34090909090909094, 0.024314184962816576, 0.032007858013819265, -0.02393393182774583, -0.18181818181818185, 0.015000000000000003, -0.02393393182774583, 0.25, 0.024314184962816576, 0.034013605442176874, 0.12647831800262813, 0.12647831800262813, 0.03930652281471178, -0.625, 
94, 0.03028044980354966, 0.3333333333333333, 0.04267714401842569, 0.13636363636363638, 0.03028044980354966, 0.003661896513642018, -0.06000000000000001, 0.03930652281471178, -0.08503401360544217, 0.03028044980354966, 0.02410468319559229, 0.01149802890932983, 0.02410468319559229, 0.01149802890932983, 0.022727272727272728, 0.45000000000000007, 0.031578958229822505, 0.03930652281471178, 0.267660462782669, -0.6724295132557162, 0.13636363636363638, 0.02410468319559229, -0.03826530612244898, 0.20833333333333334, 0.02410468319559229, 0.02410468319559229, 0.25, 0.03930652281471178, 0.20833333333333334, 
95, 0.02410468319559229, 0.05474452554744526, 0.05474452554744526, -0.03826530612244898, 0.03066141042487955, 0.05474452554744526, 0.06818181818181819, -0.625, 0.06818181818181819, -0.28284671532846717, 0.06818181818181819, -0.06627858044606537, -0.002690764093373486, 0.06818181818181819, -0.025510204081632657, 0.1084710743801653, 0.051020408163265314, 0.05020802460556254, 0.06818181818181819, 0.041666666666666664, 0.041666666666666664, -0.1193189788189087, 0.06818181818181819, 0.03066141042487955, -0.36000000000000004, 0.02019918642165802, 0.10227272727272728, 0.03066141042487955, 0.375, -0.1193189788189087, -0.015000000000000003, -0.02893552957264732, -0.058914293729835886, 0.020087235996326905, 0.08333333333333333, -0.06627858044606537, -0.015000000000000003, -0.02893552957264732, -0.03213957759412305, 0.030991735537190084, 0.08029197080291972, 0.10477864318906716, 0.05020802460556254, 0.06818181818181819, 0.051020408163265314, 0.03930652281471178, -0.02393393182774583, 0.023160038704590796, 0.020087235996326905, 0.03066141042487955, 0.04418572029737691, -0.002490424711966755, -0.09000000000000001, 0.14772727272727273, -0.005795491893419816, 0.010204081632653062, 0.010204081632653062, 0.010204081632653062, 0.02737226277372263, -0.03213957759412305, 0.06802721088435375, 0.14, 0.05334643002303211, -0.36000000000000004, 0.027318640955004594, 0.0202716434087522, 0.041666666666666664, 0.02737226277372263, -0.36000000000000004, -0.3551423324150597, 0.34090909090909094, 0.13255716089213074, 
96, 0.006898734933282365, -0.059687786960514244, -0.06972789115646259, 0.6337632198238539, 0.12091857471887278, 0.00402808616500622, 0.0379352391274895, 0.2593537414965987, -0.019185326611942655, -0.625, 0.05474452554744526, -0.08333333333333333, -0.06818181818181819, 0.03930652281471178, 0.06000000000000001, 0.2916666666666667, -0.022727272727272728, -0.625, -0.01037537345531905, 0.6337632198238539, 0.03930652281471178, 0.10948905109489052, 0.09734997809899257, 0.01262449151353626, 0.12091857471887278, 0.01262449151353626, 0.125, 0.03930652281471178, 0.36140805833892525, -0.375, -0.006114787781773005, 0.011290847583729556, 0.08928571428571429, 0.12647831800262813, 0.006898734933282365, 0.019283746556473833, 0.00402808616500622, 
97, -0.08503401360544217, -0.18181818181818185, 0.051020408163265314, -0.18181818181818185, 0.051020408163265314, 0.06818181818181819, -0.07492209727679176, 0.12787297965619812, 0.017183335671202133, 0.08333333333333333, 0.08333333333333333, 0.031722484198121785, 0.1084710743801653, 
98, 0.02737226277372263, 
99, 0.02410468319559229, 0.031722484198121785, -0.005795491893419816, -0.18181818181818185, 0.031722484198121785, 0.031722484198121785, -0.058914293729835886, 0.08928571428571429, 0.03066141042487955, 0.12741157076130974, 0.06818181818181819, 0.03682143358114743, 0.019283746556473833, 0.125, -0.03213957759412305, -0.06000000000000001, 0.03066141042487955, 0.375, 0.06818181818181819, 0.030000000000000006, 0.024999999999999994, 0.0651833170010637, -0.10948905109489052, 0.02019918642165802, -0.08278481919938838, -0.08333333333333333, 0.017183335671202133, 0.05020802460556254, 0.3333333333333333, 0.12741157076130974, 0.10310218978102191, 0.04418572029737691, -0.018410716790573715, 0.06026170798898072, 0.06818181818181819, -0.2731337217179245, 0.02737226277372263, 0.12000000000000002, 0.03930652281471178, 0.02062568512992925, -0.28284671532846717, 0.25, -0.018410716790573715, 0.06818181818181819, -0.21500000000000005, 0.03930652281471178, 0.06401571602763853, 0.25, 0.06818181818181819, -0.030000000000000006, 0.03930652281471178, 0.12091857471887278, -0.125, -0.135, 0.2187363118703461, -0.25, 0.2187363118703461, 0.06026170798898072, 0.12741157076130974, -0.03826530612244898, 0.03930652281471178, -0.28284671532846717, 0.06026170798898072, 0.25, 0.06026170798898072, -0.28284671532846717, 0.02410468319559229, 0.03930652281471178, -0.025510204081632657, 0.1084710743801653, -0.06818181818181819, 0.06026170798898072, -0.018410716790573715, 0.019283746556473833, 0.06026170798898072, -0.018410716790573715, 0.03066141042487955, 0.030371725043391105, -0.018410716790573715, -0.18181818181818182, 0.3333333333333333, -0.08503401360544217, 0.05020802460556254, -0.018410716790573715, 0.1084710743801653, 0.04418572029737691, 0.27135550738382336, 0.36363636363636365, 0.024999999999999994, 0.02019918642165802, 0.02019918642165802, 0.03066141042487955, 0.05891429372983589, 0.03066141042487955, -0.006713476941677032, 0.125, 0.02019918642165802, 0.017006802721088437, 0.12741157076130974, 0.05020802460556254, 0.36140805833892525, -0.07314388294269067, 0.15145985401459855, 0.02019918642165802, 0.02299605781865966, 0.034090909090909095, 0.05020802460556254, 0.08394160583941605, -0.125, 0.03066141042487955, 0.010348102399923547, 0.03930652281471178, 0.019442673918744154, -0.008278481919938838, 0.02410468319559229, 0.25500000000000006, 0.12741157076130974, 0.02019918642165802, 0.10477864318906716, 0.14302112029384761, 0.05020802460556254, -0.04820936639118458, 0.05020802460556254, 0.027100461029517537, -0.019185326611942655, -0.005795491893419816, 0.010204081632653062, -0.005795491893419816, 0.010204081632653062, 
100, 0.2593537414965987, 0.046532846715328466, -0.18181818181818185, 0.08333333333333333, 0.1084710743801653, 
101, 0.02410468319559229, 0.008503401360544218, 0.008503401360544218, 0.06818181818181819, -0.06843065693430657, -0.2539290069096329, 0.09000000000000001, -0.18181818181818182, 0.05020802460556254, -0.004999999999999997, 0.05020802460556254, 0.15145985401459855, 0.25, 0.02062568512992925, 0.03930652281471178, -0.18181818181818182, 0.3333333333333333, 0.09000000000000001, 0.03066141042487955, 0.032851511169513806, 0.019283746556473833, -0.08333333333333333, 0.051020408163265314, 0.06818181818181819, -0.1240476744020733, -0.001497781491175891, -0.06000000000000001, 0.0379352391274895, -0.08333333333333333, 0.017183335671202133, -0.022727272727272728, 0.06259643708795064, -0.005795491893419816, -0.005795491893419816, 0.010204081632653062, 0.010204081632653062, 0.02737226277372263, -0.03213957759412305, 0.06802721088435375, 0.14, 0.05334643002303211, -0.36000000000000004, 0.027318640955004594, 0.0202716434087522, 0.041666666666666664, 0.02737226277372263, -0.36000000000000004, -0.3551423324150597, 0.34090909090909094, 0.13255716089213074, 
102, 0.15306122448979592, 0.05334643002303211, 0.12741157076130974, 0.05020802460556254, -0.27272727272727276, -0.015000000000000003, 0.01149802890932983, 0.019283746556473833, 0.10227272727272728, -0.022727272727272728, -0.002490424711966755, -0.015000000000000003, -0.08333333333333333, 0.1084710743801653, 0.0386625052602048, 0.022727272727272728, 0.010348102399923547, 0.021897810218978103, 0.01149802890932983, -0.022727272727272728, 0.021897810218978103, 0.02737226277372263, 0.021897810218978103, 0.02737226277372263, 0.22789115646258506, 0.01149802890932983, -0.022727272727272728, -0.022727272727272728, -0.125, 0.625, -0.5, 0.10310218978102191, -0.17247043363994746, -0.17247043363994746, -0.0019555757613166844, 0.34090909090909094, 0.009859806390897985, 0.038443058273514526, 0.05020802460556254, 0.34090909090909094, 0.010348102399923547, -0.125, 0.25, 
103, 0.12000000000000002, 0.12000000000000002, 0.02737226277372263, 0.12000000000000002, 0.03930652281471178, 0.16697080291970803, 0.12741157076130974, 0.15306122448979592, 0.13255716089213074, 0.16666666666666666, 0.1642335766423358, 0.03930652281471178, 0.02737226277372263, 0.04267714401842569, 
104, 
105, 0.12741157076130974, 0.072992700729927, 0.12741157076130974, 0.12741157076130974, -0.030000000000000006, 0.10500000000000001, 0.12741157076130974, 0.625, -0.017246837333205912, 0.02737226277372263, 0.030991735537190084, 0.12741157076130974, -0.125, 0.03930652281471178, 0.01149802890932983, 0.05020802460556254, 0.2916666666666667, 0.20000000000000004, 0.015000000000000003, 0.21500000000000002, 0.12741157076130974, 0.34090909090909094, 0.05435544957217002, 0.03930652281471178, -0.03213957759412305, 0.5, 0.027100461029517537, 0.12741157076130974, 0.625, 0.17299376223081536, -0.028451429345617125, 0.2916666666666667, 0.06000000000000001, 0.12091857471887278, 0.03930652281471178, 0.12091857471887278, 0.03930652281471178, 0.12091857471887278, 0.03930652281471178, 0.06000000000000001, -0.028451429345617125, 0.2916666666666667, 0.06000000000000001, 0.06000000000000001, 0.030991735537190084, 0.5, 0.06818181818181819, 0.0036847918374406695, 0.02582644628099174, 0.2916666666666667, 0.03930652281471178, 0.20454545454545456, -0.17045454545454547, -0.36000000000000004, 0.275, 0.2916666666666667, 0.34090909090909094, 0.13255716089213074, -0.36000000000000004, 0.13255716089213074, -0.36000000000000004, 0.13255716089213074, -0.36000000000000004, 0.13255716089213074, 0.03930652281471178, -0.125, 0.01149802890932983, 0.05020802460556254, 0.34090909090909094, 0.13255716089213074, 
106, 0.12091857471887278, 0.19439322866551106, 0.34090909090909094, 0.0036847918374406695, 0.031722484198121785, 0.5, -0.015000000000000003, 0.12787297965619812, -0.041666666666666664, 0.05020802460556254, 0.34090909090909094, 0.10500000000000001, -0.1425515500070136, 0.012052341597796145, 
107, 0.013184744057530081, -0.24817518248175183, 0.34090909090909094, 0.009859806390897985, 0.06000000000000001, 0.01149802890932983, 
108, 0.02737226277372263, 0.4545454545454546, 0.12091857471887278, 0.02737226277372263, 0.03028044980354966, 0.04017447199265382, 0.16500000000000004, 0.02737226277372263, -0.08333333333333333, 0.017183335671202133, 
109, 0.08333333333333333, 0.04744190372118436, 0.12741157076130974, 0.04744190372118436, 0.12052341597796144, 0.017183335671202133, 0.16666666666666666, 0.00402808616500622, 0.030000000000000006, -0.125, 0.06000000000000001, 0.1785714285714286, 0.030991735537190084, -0.059748001625795966, 0.016069788797061526, 0.12741157076130974, 0.16666666666666666, 0.5795454545454546, 0.04744190372118436, 0.20454545454545456, 0.032312925170068035, -0.01192313087389536, 0.01965326140735589, 0.019283746556473833, 0.2995867768595042, 
110, -0.04105839416058395, 0.11409550045913684, 0.12741157076130974, 0.015306122448979593, -0.18181818181818182, 0.007665352606219886, 0.030000000000000006, 0.05020802460556254, -0.13636363636363638, 0.12741157076130974, -0.02410468319559229, 0.04, 0.05020802460556254, 0.12741157076130974, 0.015306122448979593, 0.024145572266488273, 0.011325353164403638, 0.007665352606219886, 0.25, 0.02737226277372263, -0.030000000000000006, -0.028451429345617125, 0.011325353164403638, -0.034090909090909095, 0.032312925170068035, 0.12741157076130974, 0.010721683905190708, 0.024145572266488273, 0.011325353164403638, -0.034090909090909095, -0.030000000000000006, 0.10948905109489052, 
111, 0.20454545454545456, -0.25, 0.25000000000000006, 0.25500000000000006, 0.019283746556473833, 0.12052341597796144, 0.03930652281471178, 0.125, -0.041666666666666664, 0.030991735537190084, 0.16666666666666666, 0.08333333333333333, 0.02737226277372263, 0.10585325826621936, -0.125, -0.125, 
112, -0.08333333333333333, 0.017183335671202133, -0.27272727272727276, -0.08503401360544217, 0.04017447199265382, 0.04017447199265382, 
113, 0.09000000000000001, 0.16666666666666666, -0.625, -0.625, 0.6100000000000001, 0.017183335671202133, -0.625, 0.03930652281471178, 0.08333333333333333, 
114, 0.1084710743801653, 0.09000000000000001, 0.1084710743801653, 0.09000000000000001, 0.08333333333333333, 0.034090909090909095, 0.02019918642165802, 0.0337465564738292, -0.06000000000000001, 0.0386625052602048, 0.10329447911112895, 0.051020408163265314, 0.009859806390897985, 0.06972789115646259, 0.1084710743801653, 0.09000000000000001, 0.08333333333333333, 0.046532846715328466, 0.1084710743801653, 0.1084710743801653, 0.09000000000000001, -0.18000000000000002, 0.034090909090909095, 0.1084710743801653, 0.09000000000000001, 0.1084710743801653, 0.1084710743801653, 0.022727272727272728, 0.12787297965619812, -5.095221672271479E-4, 0.05020802460556254, 0.033139290223032684, 0.1084710743801653, 0.09000000000000001, -0.041666666666666664, 0.041666666666666664, 0.02066115702479339, 0.02019918642165802, 0.004139240959969419, -0.06000000000000001, -0.07314388294269067, -0.06000000000000001, 0.06818181818181819, 0.02019918642165802, 0.056847043337400475, 0.04418572029737691, 0.04418572029737691, 0.08333333333333333, -0.06818181818181819, 0.03930652281471178, 0.03930652281471178, 0.017006802721088437, 0.08333333333333333, 0.36140805833892525, 0.25, -0.06000000000000001, 0.06818181818181819, -0.001497781491175891, -0.625, 0.04545454545454546, -0.06818181818181819, -0.030000000000000006, -0.06000000000000001, 0.05020802460556254, -0.07314388294269067, 0.05020802460556254, 0.25, -0.10948905109489052, 0.03028044980354966, 0.03028044980354966, 0.03028044980354966, -0.06000000000000001, -0.06000000000000001, 0.03028044980354966, -0.002957158328731887, 0.03028044980354966, 
115, 0.0379352391274895, 0.04545454545454546, -0.25, 0.04017447199265382, 0.1084710743801653, 0.05020802460556254, 0.1084710743801653, 0.0386625052602048, 0.030991735537190084, 0.04267714401842569, 0.1084710743801653, 
116, 0.03930652281471178, -0.06733062140552673, 0.20000000000000004, -0.06733062140552673, 0.0379352391274895, 0.03930652281471178, -0.06733062140552673, 0.05020802460556254, -0.25, -0.025489794848117878, 0.5, 0.125, 0.0379352391274895, 0.030991735537190084, 0.03930652281471178, 0.013184744057530081, -0.125, 0.06377551020408163, 0.07653061224489796, 0.06377551020408163, -0.01824817518248175, 0.10948905109489052, 0.05020802460556254, -0.16666666666666666, 0.044811001219346974, 0.5, 0.27135550738382336, 0.022956841138659322, 5.332827975846266E-4, -0.125, 0.27135550738382336, -0.25, -0.06733062140552673, 0.04, 0.023788611098340264, -0.059748001625795966, -0.06733062140552673, 0.02737226277372263, 0.34090909090909094, -0.08333333333333333, 0.017183335671202133, 
117, 0.08333333333333333, -0.005795491893419816, 0.08333333333333333, 0.008503401360544218, 0.033139290223032684, 0.18181818181818182, 0.041666666666666664, -0.375, 0.5416666666666666, -0.20833333333333334, 0.008503401360544218, 0.033139290223032684, 0.05474452554744526, 0.34090909090909094, 0.36140805833892525, 
118, 0.13388844285329088, 0.08333333333333333, 0.04139240959969419, 0.12741157076130974, 0.033139290223032684, 0.12741157076130974, 0.10204081632653063, 0.08333333333333333, 0.0036847918374406695, 0.01262449151353626, 
119, 0.34090909090909094, 0.25, 0.01149802890932983, 0.12091857471887278, -0.005392081620022334, -0.10669286004606422, -0.020408163265306124, 0.050462304834490095, -0.5340909090909091, 0.2916666666666667, -0.020408163265306124, 0.050462304834490095, 0.05020802460556254, 
120, 0.34090909090909094, 0.036453219245335955, 0.017006802721088437, 0.1084710743801653, 0.20408163265306126, 0.041666666666666664, 0.1084710743801653, 0.1084710743801653, -0.08333333333333333, 
121, 0.01314060446780552, -0.27272727272727276, -0.08333333333333333, 0.017183335671202133, 0.01314060446780552, -0.27272727272727276, 0.03930652281471178, -0.08503401360544217, 0.02737226277372263, 0.051020408163265314, 0.06000000000000001, -0.625, 0.041666666666666664, -0.125, 0.051020408163265314, 0.12000000000000002, 0.02019918642165802, -0.002490424711966755, -0.10948905109489052, -0.125, -0.19500000000000003, 0.135, -0.007665352606219886, -0.06733062140552673, 0.041666666666666664, -0.27272727272727276, 
122, 0.022727272727272728, 0.02737226277372263, 0.010348102399923547, 0.012052341597796145, 0.16697080291970803, 0.017183335671202133, 0.03930652281471178, 0.03930652281471178, -0.5986131386861313, 0.017183335671202133, 0.012052341597796145, 0.16697080291970803, 0.017183335671202133, 0.03930652281471178, 0.16697080291970803, 0.017183335671202133, 0.03930652281471178, 0.027318640955004594, 0.5, -0.5986131386861313, 0.017183335671202133, 0.15000000000000002, 0.010348102399923547, 0.027318640955004594, -0.5986131386861313, 0.017183335671202133, 0.15000000000000002, 0.16697080291970803, 0.03930652281471178, 0.02737226277372263, 0.02737226277372263, 0.011325353164403638, 0.02737226277372263, 0.017070857607370277, 0.017070857607370277, 0.14483097208584655, 0.02737226277372263, 0.02737226277372263, -0.125, 
123, 0.02737226277372263, 0.4545454545454546, 0.12091857471887278, 0.02737226277372263, 0.03028044980354966, 0.04017447199265382, 0.16500000000000004, 0.02737226277372263, -0.08333333333333333, 0.017183335671202133, 
124, 0.00402808616500622, 0.0379352391274895, 0.023160038704590796, 0.019283746556473833, 0.02062568512992925, 0.5833333333333334, -0.005392081620022334, 0.02737226277372263, 0.08333333333333333, 0.050462304834490095, 0.03930652281471178, 0.29132231404958686, 0.6666666666666666, 0.022727272727272728, 0.4166666666666667, -0.20391337869173334, 0.019283746556473833, 0.09090909090909091, 0.032312925170068035, 0.36140805833892525, 0.5, -0.025510204081632657, 0.09090909090909091, -0.001973628839949503, 0.03930652281471178, 0.3333333333333333, 0.34090909090909094, 0.019283746556473833, 0.1916058394160584, -0.027595269382391593, 0.05020802460556254, 0.4525547445255474, -0.1425515500070136, 0.0821167883211679, 0.01965326140735589, -0.025489794848117878, 0.015306122448979593, -0.11826402742769769, 0.01149802890932983, 0.275, 0.06972789115646259, 0.09090909090909091, -0.1425515500070136, 0.01965326140735589, 0.007665352606219886, -0.06386861313868614, 0.125, 0.125, 0.007112857336404281, 0.03930652281471178, 0.34090909090909094, 0.02737226277372263, 0.13255716089213074, 0.5, 0.06000000000000001, -0.009841185914705114, -0.008278481919938838, 0.5, -0.008278481919938838, 0.016069788797061526, 0.375, 0.34090909090909094, 0.13255716089213074, 0.02737226277372263, 0.017070857607370274, 0.007112857336404281, 0.3333333333333333, 0.007112857336404281, 0.017070857607370274, -0.03193430656934306, 0.017070857607370274, 0.125, -0.005035107706257774, 0.03930652281471178, 0.34090909090909094, 0.023160038704590796, 0.019283746556473833, 0.05020802460556254, -0.16666666666666666, 0.032312925170068035, 
125, 0.059523809523809534, 0.05222681359044996, 0.12091857471887278, 0.125, 0.033139290223032684, 0.04, 0.875, 0.21897810218978103, 0.34090909090909094, 0.21897810218978103, 0.02062568512992925, 0.02582644628099174, 0.03930652281471178, -0.001973628839949503, 0.06818181818181819, 0.21897810218978103, 0.125, 0.029199131233785897, 0.12741157076130974, -0.030000000000000006, 0.10500000000000001, 0.03316326530612245, -0.1031364313778621, 0.125, 0.03316326530612245, 0.10227272727272728, 0.02299605781865966, 0.0040644899065167325, 0.0036847918374406695, 0.125, 0.10227272727272728, 0.12000000000000002, 
126, 0.375, 0.04545454545454546, -0.11826402742769769, 0.34090909090909094, 0.01751864083229122, -0.375, -0.27272727272727276, 0.12091857471887278, 0.03930652281471178, -0.001973628839949503, 0.25, 
127, 0.10329447911112895, 0.006898734933282365, 0.05020802460556254, -0.038326763031099435, 0.12091857471887278, -0.04275124280863844, 0.21000000000000002, -0.125, 0.6337632198238539, -0.436868686868687, -0.025510204081632657, -0.019185326611942655, 0.12091857471887278, -0.125, 0.15145985401459855, 0.01965326140735589, -0.027595269382391593, 0.125, -5.6644031868630445E-18, -0.21500000000000005, 0.10500000000000001, -0.36000000000000004, -0.041666666666666664, -0.625, 0.03028044980354966, -0.030000000000000006, 0.19000000000000003, 0.041666666666666664, -0.035, -0.3333333333333333, 0.01751864083229122, -5.6644031868630445E-18, -0.025489794848117878, -0.016017940947297717, -0.025489794848117878, 0.012052341597796145, -0.038326763031099435, 0.08928571428571429, 0.03930652281471178, 0.6337632198238539, 0.125, 0.006898734933282365, -0.02737226277372263, 0.004251700680272111, 0.03930652281471178, -0.125, -0.5350000000000001, 0.08333333333333333, -0.5340909090909092, 0.01965326140735589, 0.031722484198121785, -0.10948905109489052, 0.01751864083229122, 0.13475052603434046, 
128, 0.0379352391274895, 0.04545454545454546, -0.25, 0.04017447199265382, 0.1084710743801653, 0.05020802460556254, 0.1084710743801653, 0.0386625052602048, 0.030991735537190084, 0.04267714401842569, 0.1084710743801653, 
129, 0.01314060446780552, -0.27272727272727276, -0.08333333333333333, 0.017183335671202133, 0.01314060446780552, -0.27272727272727276, 0.03930652281471178, -0.08503401360544217, 0.02737226277372263, 0.051020408163265314, 0.06000000000000001, -0.625, 0.041666666666666664, -0.125, 0.051020408163265314, 0.12000000000000002, 0.02019918642165802, -0.002490424711966755, -0.10948905109489052, -0.125, -0.19500000000000003, 0.135, -0.007665352606219886, -0.06733062140552673, 0.041666666666666664, -0.27272727272727276, 
130, -0.08333333333333333, 0.01314060446780552, -0.27272727272727276, -0.08503401360544217, 0.04017447199265382, 0.04017447199265382, 
131, -0.08333333333333333, 0.017183335671202133, -0.27272727272727276, -0.08503401360544217, 0.04017447199265382, 0.04017447199265382, 
132, 0.13388844285329088, 0.06378376656750957, -0.015000000000000003, 0.03930652281471178, 0.02410468319559229, 0.34090909090909094, -0.041666666666666664, 0.025510204081632657, -0.005795491893419816, 0.034090909090909095, 0.059523809523809534, -0.18181818181818185, 0.08034894398530763, -0.06000000000000001, -0.005000000000000003, 0.0379352391274895, 0.0040644899065167325, -0.06733062140552673, -0.022727272727272728, 0.10227272727272728, 0.1084710743801653, 0.02019918642165802, 0.08034894398530763, -0.16666666666666666, 0.0018115421742283385, 0.12741157076130974, 0.02062568512992925, -0.06843065693430657, -0.04761904761904762, -0.20391337869173334, -0.015000000000000003, 0.13255716089213074, 0.10500000000000001, -0.1425515500070136, 0.13255716089213074, -0.18181818181818182, 0.5, 0.5416666666666666, -0.1193189788189087, 0.12000000000000002, 0.044811001219346974, -0.019185326611942655, -0.028772044035758712, 0.0386625052602048, 0.1084710743801653, 0.06026170798898072, -0.028772044035758712, 0.03930652281471178, 0.36363636363636365, 0.02737226277372263, 0.1642335766423358, 0.36363636363636365, -0.02410468319559229, 0.031578958229822505, 0.02062568512992925, -0.010204081632653062, 0.04017447199265382, 0.004251700680272111, 0.08394160583941605, 0.03930652281471178, 0.14, 0.12091857471887278, -0.16666666666666666, 0.044811001219346974, 0.10948905109489052, 0.02410468319559229, 0.0379352391274895, -0.625, 0.06026170798898072, -0.018410716790573715, 0.032851511169513806, -0.625, 0.030000000000000006, 0.06026170798898072, 0.06378376656750957, 0.03930652281471178, 0.08333333333333333, 0.3333333333333333, 0.14, 0.03826530612244898, 0.05020802460556254, 0.03930652281471178, 0.030000000000000006, -0.135, 0.03930652281471178, 0.125, 0.14, 
133, 0.1084710743801653, 0.09000000000000001, 0.1084710743801653, 0.09000000000000001, 0.08333333333333333, 0.034090909090909095, 0.02019918642165802, 0.06378376656750957, 0.020696452036793697, 0.023788611098340264, 0.1084710743801653, -0.11826402742769769, 0.020072992700729934, 0.36140805833892525, 0.004139240959969419, 0.1084710743801653, 0.09000000000000001, -0.18000000000000002, 0.034090909090909095, -0.03213957759412305, 0.02019918642165802, -0.025510204081632657, -0.004999999999999997, 0.05474452554744526, 0.02019918642165802, 0.625, 0.013686131386861315, 0.1084710743801653, -0.20833333333333334, 0.019283746556473833, 0.12091857471887278, 0.15710478327956237, 0.3400000000000001, 0.4166666666666667, 0.06818181818181819, 0.03930652281471178, 0.1084710743801653, 0.06000000000000001, 0.02019918642165802, -0.06000000000000001, 0.033139290223032684, 0.02019918642165802, -0.06000000000000001, 0.033139290223032684, -0.025510204081632657, -0.14049586776859507, 0.05020802460556254, -0.06000000000000001, 0.04545454545454546, -0.007665352606219886, 0.013686131386861315, 0.03930652281471178, 0.05020802460556254, 0.36140805833892525, -0.22029941742311338, 0.042840295774304864, 0.5, 0.3333333333333333, 0.03193430656934306, 0.06972789115646259, 0.03193430656934306, -0.625, 0.08333333333333333, 0.09000000000000001, 0.05020802460556254, 0.0036847918374406695, 0.019283746556473833, -0.004999999999999997, -0.625, -0.025510204081632657, 0.10227272727272728, 0.09090909090909091, 0.022956841138659322, 0.03028044980354966, 0.03028044980354966, 0.03028044980354966, -0.06000000000000001, -0.06000000000000001, 0.03028044980354966, -0.002957158328731887, 0.03028044980354966, 
134, 0.1084710743801653, -0.03213957759412305, 0.0892857142857143, -0.00592536441760696, 0.035468319559228655, 0.1084710743801653, -0.18181818181818182, 0.018835348653614404, 0.027100461029517537, -0.10948905109489052, 0.1084710743801653, 0.022956841138659322, -0.11826402742769769, -0.017246837333205912, -0.13636363636363638, 0.05020802460556254, 0.36363636363636365, 0.1084710743801653, 0.36140805833892525, 0.033139290223032684, -0.059748001625795966, 0.033139290223032684, -0.01447668211064592, 0.03794349540078844, -0.02066115702479339, 0.16666666666666666, 0.12755102040816327, 0.1084710743801653, 0.03443526170798899, -0.02066115702479339, -0.02410468319559229, 0.21897810218978103, 0.13636363636363638, 0.12755102040816327, 0.375, 0.625, -0.005795491893419816, 0.16666666666666666, 0.027100461029517537, 0.033139290223032684, -0.03213957759412305, 0.1084710743801653, 0.033139290223032684, 0.03443526170798899, 0.023788611098340264, 0.12741157076130974, 0.033139290223032684, 0.033139290223032684, -0.005795491893419816, 0.00631224575676813, 0.05507927287082126, 0.12741157076130974, 0.033139290223032684, -0.06000000000000001, 0.034090909090909095, -0.06042129247509329, 0.16666666666666666, 0.16666666666666666, 
135, 0.34090909090909094, 0.5, 0.02019918642165802, -0.08333333333333333, 0.032312925170068035, 0.019283746556473833, 0.030991735537190084, 0.4800000000000001, 0.015330705212439772, 0.059523809523809534, -0.08333333333333333, 0.02062568512992925, 0.10500000000000001, 0.5, 
136, 0.05020802460556254, -0.26003649635036497, 0.29132231404958686, -0.06818181818181819, 0.10948905109489052, 0.34090909090909094, 0.030991735537190084, 0.02737226277372263, -0.06818181818181819, 0.36363636363636365, 0.375, -0.06818181818181819, -0.015000000000000003, 0.03930652281471178, 0.02062568512992925, 0.12741157076130974, 0.22789115646258506, -0.17045454545454547, 
137, -0.875, 0.034090909090909095, -0.019147145462196667, 0.034090909090909095, -0.08333333333333333, 0.0821167883211679, 0.034090909090909095, -0.1193189788189087, 0.0379352391274895, 0.03930652281471178, -0.006114787781773005, 0.34090909090909094, 0.034090909090909095, 0.75, 
138, 0.008542901838558783, 
139, 0.16666666666666666, 
140, -0.034090909090909095, 0.017183335671202133, 0.34090909090909094, -0.20391337869173334, -0.034090909090909095, -0.019185326611942655, -0.625, -0.20391337869173334, 0.05020802460556254, 0.16666666666666666, -0.034090909090909095, 
141, 0.03517429862137029, -0.0019555757613166844, 0.34090909090909094, -0.034090909090909095, 0.05020802460556254, 0.34090909090909094, 0.10500000000000001, -0.1425515500070136, 0.13255716089213074, 0.041666666666666664, 
142, 0.01751864083229122, 0.06000000000000001, 0.03930652281471178, -0.03213957759412305, 0.01965326140735589, 0.059523809523809534, -0.06042129247509329, 0.030000000000000006, 0.03930652281471178, 0.045454545454545456, -0.06042129247509329, 0.0036847918374406695, -0.06042129247509329, 0.05020802460556254, 0.03930652281471178, 0.05020802460556254, -0.625, -0.625, 0.03930652281471178, 0.03930652281471178, -0.125, 0.34090909090909094, 0.13255716089213074, -0.015000000000000003, 0.02737226277372263, 
143, 0.06026170798898072, 0.02737226277372263, -0.16666666666666666, 0.02737226277372263, 0.03930652281471178, 0.05020802460556254, 0.34090909090909094, 0.13255716089213074, 0.030000000000000006, 
144, 0.03930652281471178, 0.15000000000000002, 0.03930652281471178, -0.027595269382391593, 0.03930652281471178, 
145, 0.02737226277372263, 0.4545454545454546, 0.12091857471887278, 0.02737226277372263, 0.03028044980354966, 0.04017447199265382, 
146, -0.27272727272727276, -0.016069788797061526, 0.021897810218978103, 0.06818181818181819, 0.10310218978102191, 0.4489051094890511, 0.034090909090909095, 0.03930652281471178, -0.05656934306569344, 0.021897810218978103, -0.2731337217179245, -0.13636363636363638, 0.10227272727272728, 0.05020802460556254, 0.5, -0.03826530612244898, 0.021897810218978103, -0.005000000000000003, -0.025489794848117878, -0.2539290069096329, 0.021897810218978103, -0.21500000000000005, 0.03832116788321168, 0.04139240959969419, 0.34090909090909094, -0.020408163265306124, 0.041666666666666664, -0.27272727272727276, 0.021897810218978103, 0.13452708907254363, -0.27272727272727276, -0.016069788797061526, 0.02019918642165802, 0.10310218978102191, 0.02410468319559229, 0.021897810218978103, 0.005749014454664915, -0.016069788797061526, -0.1388888888888889, 0.23722627737226276, 0.051020408163265314, 0.10948905109489052, 0.1084710743801653, -0.1193189788189087, 0.051020408163265314, -0.625, 0.16666666666666666, 0.0386625052602048, -0.625, 0.032851511169513806, 0.02410468319559229, 0.021897810218978103, 0.03930652281471178, -0.2731337217179245, -0.13636363636363638, -0.010204081632653062, 0.01824817518248175, 0.10227272727272728, 0.02410468319559229, 0.06818181818181819, 0.04418572029737691, 0.041666666666666664, 0.02, 0.13636363636363638, 0.14623369336512834, 0.03930652281471178, 0.04418572029737691, -0.625, 0.02410468319559229, 0.017247043363994744, -0.27272727272727276, -0.0364963503649635, -0.06802721088435375, 0.02410468319559229, 0.02410468319559229, -0.02410468319559229, 0.021897810218978103, 0.06132282084975909, -0.135, 0.012755102040816329, 0.06026170798898072, 0.02410468319559229, 0.06026170798898072, 0.09090909090909091, -0.005000000000000003, 0.02410468319559229, 0.04418572029737691, 0.4489051094890511, 0.05334643002303211, 0.4489051094890511, 0.01751864083229122, 5.332827975846266E-4, 0.03930652281471178, 0.04418572029737691, -0.12970615243342518, -0.06802721088435375, -0.2731337217179245, -0.13636363636363638, 0.03930652281471178, 0.035564286682021405, 0.021897810218978103, -0.019185326611942655, -0.625, 0.10218978102189781, -0.06802721088435375, -0.059748001625795966, -0.2731337217179245, -0.13636363636363638, -0.016069788797061526, 0.1084710743801653, 0.14, 0.045454545454545456, 0.021897810218978103, 0.17045454545454547, 0.04139240959969419, 0.03930652281471178, 0.10948905109489052, 0.045454545454545456, -0.18000000000000002, 0.07231404958677687, 0.12091857471887278, 0.021897810218978103, 0.1678832116788321, 0.03930652281471178, -0.046532846715328466, 0.125, 0.03930652281471178, -0.019185326611942655, 0.13452708907254363, -0.028772044035758712, 0.04139240959969419, -0.2731337217179245, 
147, 0.22789115646258506, -0.04820936639118458, 0.05334643002303211, 0.0467687074829932, 0.015306122448979593, 0.12091857471887278, 0.03930652281471178, 0.03028044980354966, 0.12052341597796144, 0.056818181818181816, 0.02299605781865966, 0.056818181818181816, 
148, -0.015000000000000003, 0.06000000000000001, -0.11363636363636363, -0.015000000000000003, 0.005523215037172114, 5.332827975846266E-4, 0.17006802721088438, -0.019147145462196667, 0.12091857471887278, 0.1084710743801653, 0.01149802890932983, -0.125, 
149, 0.1084710743801653, 0.09000000000000001, 0.1084710743801653, 0.09000000000000001, 0.08333333333333333, 0.034090909090909095, 0.02019918642165802, -0.06000000000000001, -0.030612244897959186, -0.19283746556473833, 0.0386625052602048, 0.13388844285329088, 0.08333333333333333, 0.09000000000000001, 0.02019918642165802, -0.06000000000000001, -0.27272727272727276, 0.1084710743801653, 0.09000000000000001, 0.013686131386861315, -0.375, 0.02019918642165802, -0.06000000000000001, 0.013686131386861315, -0.21950284713096807, 0.034090909090909095, -0.025510204081632657, -0.021338572009212846, 0.1084710743801653, 0.09000000000000001, -0.18000000000000002, 0.034090909090909095, 0.09000000000000001, 0.04, -0.06000000000000001, -0.025489794848117878, 0.008542901838558783, -0.75, -0.625, -0.03213957759412305, 0.2995867768595042, 0.08333333333333333, 0.36140805833892525, 0.004139240959969419, 0.02737226277372263, 0.1084710743801653, 0.09000000000000001, 0.01965326140735589, 0.1084710743801653, -0.20833333333333334, 0.019283746556473833, 0.12091857471887278, 0.15710478327956237, 0.3400000000000001, 0.4166666666666667, 0.06818181818181819, 0.03930652281471178, 0.1084710743801653, 0.06000000000000001, 0.25, 0.1084710743801653, -0.25, 0.25, 0.013686131386861315, 0.051020408163265314, 0.08333333333333333, -0.11826402742769769, 0.10227272727272728, -0.01824817518248175, -0.11826402742769769, -0.625, 0.033139290223032684, 0.033139290223032684, -0.03213957759412305, 0.008837144059475383, -0.625, 0.0394256795601867, -0.625, 0.05334643002303211, -0.027548209366391185, -0.1193189788189087, 0.125, 0.005523215037172114, 0.25, 0.013686131386861315, 0.08333333333333333, -0.01824817518248175, 0.25, 0.017070857607370277, 0.08333333333333333, 0.11409550045913684, 0.25, -0.025489794848117878, 0.06818181818181819, 0.34090909090909094, 0.11409550045913684, 0.06818181818181819, -0.007665352606219886, 0.25, -0.10227272727272728, -0.11826402742769769, 0.04545454545454546, 0.03028044980354966, 0.03028044980354966, 0.03028044980354966, -0.06000000000000001, -0.06000000000000001, 0.03028044980354966, -0.002957158328731887, 0.03028044980354966, 
150, 0.031578958229822505, 0.030000000000000006, 0.0379352391274895, 0.08333333333333333, 0.057851239669421496, 0.02, -0.625, -0.125, 0.0051740511999617735, 0.4800000000000001, 0.03571428571428572, 0.01751864083229122, -0.18181818181818182, -0.16666666666666666, 0.34090909090909094, 0.20000000000000004, 0.3333333333333333, 0.03930652281471178, -0.019185326611942655, 0.03571428571428572, 
151, 0.015306122448979593, 0.012052341597796145, 0.01965326140735589, 0.011325353164403638, 0.05020802460556254, 0.011325353164403638, 0.011325353164403638, 0.011325353164403638, 0.03794349540078844, 
